model,actual,predicted,residual
Linear Regression,-0.7498961190987213,-0.7848709624824007,0.0349748433836794
Linear Regression,-0.7335729281658463,0.552469846096932,-1.2860427742627782
Linear Regression,-0.4793975264967925,-0.5502564964990865,0.07085897000229396
Linear Regression,-0.3744627276425961,-0.22872274232062684,-0.14573998532196925
Linear Regression,-0.2998424262351675,-0.13887606021265841,-0.16096636602250908
Linear Regression,0.5559591555312794,0.6693566369273423,-0.11339748139606287
Linear Regression,-0.7895381542214177,-0.41433635827182025,-0.37520179594959746
Linear Regression,-1.4797759422401324,-1.631836722014583,0.15206077977445065
Linear Regression,-1.0390497870525073,0.24376356815311828,-1.2828133552056256
Linear Regression,0.1175648847626363,0.16077846198002788,-0.04321357721739158
Linear Regression,-1.2116092340571858,-1.2966187985092774,0.08500956445209162
Linear Regression,-1.1626396612585608,-1.1807207100119979,0.01808104875343708
Linear Regression,0.4696794320289401,0.6500073104854449,-0.18032787845650483
Linear Regression,-0.5773366720940426,-0.5749816243120771,-0.0023550477819654914
Linear Regression,-0.0689858687559352,0.07289990330623253,-0.14188577206216774
Linear Regression,0.5536272711122973,0.4368775158566549,0.11674975525564235
Linear Regression,-1.4378020226984538,-1.5528133845053405,0.11501136180688665
Linear Regression,-0.0689858687559352,0.056405483983954285,-0.1253913527398895
Linear Regression,-0.3371525769388818,-0.17465807679662837,-0.16249450014225342
Linear Regression,0.6329113413576901,0.7260762085745258,-0.0931648672168357
Linear Regression,1.115611416086994,1.383608328089216,-0.26799691200222187
Linear Regression,-0.0549945622420423,0.047484603305299355,-0.10247916554734166
Linear Regression,1.0666418432883689,1.299712026160086,-0.2330701828717172
Linear Regression,-1.4004918719947397,-1.149980640057354,-0.25051123193738567
Linear Regression,0.1315561912765291,0.5017529341845994,-0.37019674290807036
Linear Regression,-1.0903512442701144,-0.9056008320773289,-0.18475041219278554
Linear Regression,0.2038446082649756,0.5792541104536175,-0.3754095021886419
Linear Regression,0.6725533764803866,1.0408368313202905,-0.3682834548399039
Linear Regression,-0.7592236567746499,-0.009726368084975068,-0.7494972886896748
Linear Regression,-1.2885614198835966,-1.0042866225245197,-0.2842747973590769
Linear Regression,-0.8874772998186679,-0.4934427025501562,-0.39403459726851164
Linear Regression,0.7401780246308688,1.144510874155689,-0.4043328495248203
Linear Regression,1.5073679984759942,1.2223355470271438,0.2850324514488505
Linear Regression,1.278843325415744,1.699499973445945,-0.420656648030201
Linear Regression,0.194517070589047,0.6860967604818111,-0.4915796898927641
Linear Regression,0.4416968190011543,0.6394746778041518,-0.19777785880299747
Linear Regression,-1.2675744601127572,-1.5945643216721552,0.326989861559398
Linear Regression,-0.5446902902282926,-0.3384727978656539,-0.20621749236263875
Linear Regression,-1.4774440578211503,-1.8643437410409873,0.38689968321983703
Linear Regression,0.3041156382812078,0.5580278601868758,-0.253912221905668
Linear Regression,-0.5330308681333819,-0.38112288221795687,-0.15190798591542498
Linear Regression,-0.7662193100315963,-0.9130467560373366,0.14682744600574038
Linear Regression,-0.0736496375938995,-0.1894013014638074,0.1157516638699079
Linear Regression,-0.3931178029944532,-0.4901770047249211,0.09705920173046789
Linear Regression,-1.470448404564204,-1.8310708186181444,0.36062241405394047
Linear Regression,0.6608939543854759,0.4116539679374367,0.24923998644803924
Linear Regression,0.4160460903923507,0.5742969094559942,-0.15825081906364352
Linear Regression,-0.6869352397862034,-0.8317273772790715,0.14479213749286812
Linear Regression,-0.082977175269828,-0.20448205907006867,0.12150488380024067
Linear Regression,-1.2069454652192215,-1.4415747204938778,0.23462925527465628
Linear Regression,0.0102982014894576,-0.1212591967206964,0.131557398210154
Linear Regression,-1.2512512691798825,-1.4470663796345744,0.1958151104546919
Linear Regression,-0.2858511197212746,-0.19495951760879726,-0.09089160211247732
Linear Regression,-0.614646822797757,-0.5764919890723093,-0.0381548337254477
Linear Regression,0.3530852110798329,0.4083246624632457,-0.05523945138341285
Linear Regression,0.178193879656172,0.19713366092028672,-0.01893978126411472
Linear Regression,-1.5147542085248646,-1.7783202808973828,0.26356607237251817
Linear Regression,-0.777878732126507,-0.8296849633693987,0.05180623124289163
Linear Regression,1.1529215667907082,0.4959121405954574,0.6570094261952508
Linear Regression,-0.5143757927815248,-0.352290997691479,-0.1620847950900458
Linear Regression,-0.1436061701633638,-0.06849194542349002,-0.07511422473987378
Linear Regression,-0.6239743604736855,-0.5263721013746997,-0.09760225909898579
Linear Regression,0.7238548336979937,0.5645065447232342,0.1593482889747595
Linear Regression,-1.1626396612585608,-1.2833442261526247,0.12070456489406389
Linear Regression,-1.4587889824692932,-1.72122693861697,0.26243795614767684
Linear Regression,0.2201677991978506,0.5158922175880885,-0.2957244183902379
Linear Regression,-0.8011975763163285,-0.8392680273389125,0.038070451022583995
Linear Regression,0.5116533515706186,0.7550859578737983,-0.24343260630317964
Linear Regression,-1.0973468975270608,-1.1399330061095037,0.04258610858244283
Linear Regression,-1.4587889824692932,-1.6217401548604704,0.16295117239117718
Linear Regression,0.1665344575612613,0.5103644121564095,-0.3438299545951482
Linear Regression,-0.1506018234203102,-0.033538488976469605,-0.1170633344438406
Linear Regression,-0.8035294607353106,-0.7372754574376805,-0.06625400329763009
Linear Regression,-0.2158945871518103,-0.11363105071491364,-0.10226353643689667
Linear Regression,-0.194907627380971,-0.19403221695086725,-0.0008754104301037513
Linear Regression,-0.2811873508833103,0.00019879943949563383,-0.28138615032280595
Linear Regression,-0.0270119492142566,0.4663327055934803,-0.49334465480773687
Linear Regression,0.5046576983136722,1.1113893842739517,-0.6067316859602795
Linear Regression,-1.181294736610418,-1.1446670430477683,-0.03662769356264972
Linear Regression,-0.8758178777237571,-0.6337785953740264,-0.2420392823497307
Linear Regression,0.777488175334583,1.4366017642764621,-0.6591135889418791
Linear Regression,0.1432156133714399,0.6925181590730407,-0.5493025457016008
Linear Regression,0.2015127238459935,0.6380142137665277,-0.43650148992053417
Linear Regression,0.3833997085266007,0.7521153077531073,-0.3687155992265066
Linear Regression,-0.1296148636494709,0.4179644013364807,-0.5475792649859517
Linear Regression,-1.2885614198835966,-1.04880973189295,-0.23975168799064672
Linear Regression,-1.1533121235826322,-0.7203285851885143,-0.43298353839411796
Linear Regression,0.6002649594919401,1.189546688647317,-0.5892817291553768
Linear Regression,-0.9504381791311856,-0.3184560880778562,-0.6319820910533294
Linear Regression,0.388063477364565,1.1222691190265444,-0.7342056416619793
Linear Regression,-0.3558076522907389,0.3545607680584506,-0.7103684203491896
Linear Regression,-1.409819409670668,-1.7559057013890116,0.3460862917183436
Linear Regression,-1.5777150878373825,-2.0111126000278112,0.43339751219042877
Linear Regression,-0.4817294109157747,-0.7295939130104476,0.24786450209467292
Linear Regression,-0.8245164205061499,-0.7007584153332036,-0.12375800517294633
Linear Regression,0.2015127238459935,0.11983352112148937,0.08167920272450413
Linear Regression,-0.5959917474458998,-0.7207369667807437,0.12474521933484395
Linear Regression,-0.9830845609969358,-1.2903593691989124,0.3072748082019766
Linear Regression,-0.2835192353022925,-0.0935633462358667,-0.1899558890664258
Linear Regression,0.0242895080033505,0.13822909674502193,-0.11393958874167143
Linear Regression,-1.3468585303581502,-1.6419804511532845,0.29512192079513433
Linear Regression,-0.1506018234203102,-0.223249267436038,0.07264744401572781
Linear Regression,-1.538073052714686,-1.9313215141160773,0.39324846140139136
Linear Regression,-0.6029874007028462,-0.6057537693014722,0.002766368598626001
Linear Regression,-0.4957207174296676,-0.6316416520570496,0.13592093462738197
Linear Regression,-0.9224555661034,-0.9191727347131496,-0.003282831390250318
Linear Regression,-0.9201236816844178,-1.1478004295537654,0.22767674786934755
Linear Regression,-0.4280960692791854,-0.269343607523463,-0.15875246175572244
Linear Regression,-1.3375309926822216,-1.5751970018906112,0.23766600920838954
Linear Regression,-0.7848743853834534,-0.7496731992325202,-0.03520118615093326
Linear Regression,-0.6286381293116499,-0.4811333362692054,-0.14750479304244446
Linear Regression,-0.502716370686614,-0.34056479887398383,-0.16215157181263018
Linear Regression,-1.5660556657424718,-1.850436527487737,0.2843808617452652
Linear Regression,-0.7872062698024356,-0.9239503324523194,0.1367440626498838
Linear Regression,0.2551460654825828,0.3709567679465062,-0.11581070246392344
Linear Regression,-0.5633453655801498,-0.4454410136282838,-0.117904351951866
Linear Regression,-0.7592236567746499,-0.5354627884018098,-0.22376086837284004
Linear Regression,-0.7638874256126141,-0.6533277473871771,-0.110559678225437
Linear Regression,-0.3394844613578639,-0.2178248461468535,-0.12165961521101043
Linear Regression,0.3810678241076186,0.45800685392747975,-0.07693902981986117
Linear Regression,-0.5913279786079355,-0.6089419513378471,0.01761397272991161
Linear Regression,-1.3002208419785073,-1.3954902628238008,0.09526942084529355
Linear Regression,-1.3958281031567752,-1.5180582423607927,0.12223013920401748
Linear Regression,-0.2975105418161853,-0.19152830793981912,-0.10598223387636618
Linear Regression,-0.600655516283864,-0.44925348910800356,-0.1514020271758605
Linear Regression,-0.7545598879366856,-0.8818707922176966,0.127310904281011
Linear Regression,-0.4420873757930783,-0.42580091253592356,-0.016286463257154715
Linear Regression,-0.859494686790882,-0.6691777905828571,-0.19031689620802494
Linear Regression,0.0615996587070648,0.23479353690276472,-0.17319387819569992
Linear Regression,-1.360849836872043,-1.0280278843581008,-0.3328219525139422
Linear Regression,-1.3515222991961144,-1.4666083647306576,0.11508606553454315
Linear Regression,-0.728909159327882,-0.3401538087986098,-0.38875535052927224
Linear Regression,-0.5540178279042212,-0.1618265415893989,-0.39219128631482225
Linear Regression,-0.630970013730632,-0.29104578722457886,-0.33992422650605314
Linear Regression,-0.2345496625036674,0.1199228987158043,-0.3544725612194717
Linear Regression,-1.0064034051867572,-0.8980360278655555,-0.10836737732120172
Linear Regression,-1.3841686810618643,-1.1612625806983992,-0.22290610036346514
Linear Regression,0.2411547589686899,0.498397048004402,-0.2572422890357121
Linear Regression,-0.6496250890824891,-0.4193205540234062,-0.23030453505908288
Linear Regression,0.0779228496399398,0.30331718205067726,-0.22539433241073747
Linear Regression,-0.6333018981496141,-0.21956020288090494,-0.4137416952687092
Linear Regression,0.1082373470867077,0.5035884013662271,-0.3953510542795194
Linear Regression,-0.5237033304574533,-0.06566411713962683,-0.4580392133178265
Linear Regression,-0.6659482800153641,-0.5286321524222215,-0.1373161275931426
Linear Regression,-1.1416527014877216,-0.8946488092688436,-0.24700389221887797
Linear Regression,-0.6496250890824891,-0.2466732453972158,-0.40295184368527326
Linear Regression,-1.4797759422401324,-1.931882557253974,0.45210661501384153
Linear Regression,-1.0133990584437036,-1.2229134026129693,0.20951434416926573
Linear Regression,-0.7498961190987213,-0.9332479015530558,0.18335178245433448
Linear Regression,-1.4774440578211503,-1.893057377820782,0.4156133199996317
Linear Regression,-0.8921410686566321,-1.1850769143918312,0.29293584573519904
Linear Regression,-0.3021743106541496,-0.5774895836253092,0.2753152729711596
Linear Regression,-0.6402975514065605,-0.8342157074911732,0.19391815608461271
Linear Regression,-0.066653984336953,-0.36534146853054184,0.2986874841935888
Linear Regression,-1.3491904147771323,-1.7966471695432653,0.447456754766133
Linear Regression,-0.9364468726172928,-0.8285524555615255,-0.1078944170557673
Linear Regression,-1.1253295105548464,-1.089717930209067,-0.03561158034577949
Linear Regression,-1.4960991331730074,-1.941799819339486,0.44570068616647873
Linear Regression,-0.761555541193632,-0.5314915797367225,-0.23006396145690955
Linear Regression,-0.8968048374945964,-0.9671755731979658,0.07037073570336938
Linear Regression,-1.2209367717331143,-1.354256374159011,0.1333196024258967
Linear Regression,-0.9131280284274714,-1.1579040840726371,0.2447760556451657
Linear Regression,-0.9411106414552572,-1.1289987490223092,0.187888107567052
Linear Regression,0.0522721210311362,-0.11923340462827858,0.1715055256594148
Linear Regression,-0.6729439332723105,-0.7902269317358253,0.11728299846351475
Linear Regression,-0.6053192851218284,-0.868893621922957,0.26357433680112863
Linear Regression,-0.5283670992954176,-0.8743363060118677,0.34596920671645015
Linear Regression,-1.4867715954970788,-1.7843800775915528,0.297608482094474
Linear Regression,-0.388454034156489,-0.7422841520675951,0.35383011791110613
Linear Regression,-1.3958281031567752,-1.6948991916742222,0.299071088517447
Linear Regression,-0.8478352646959714,-0.8587948851769264,0.010959620480955001
Linear Regression,-0.3651351899666675,-0.5147331408694431,0.1495979509027756
Linear Regression,-1.4774440578211503,-1.7083261173623252,0.2308820595411749
Linear Regression,-0.8921410686566321,-1.0113067163780163,0.11916564772138416
Linear Regression,-0.470069988820864,-0.5434187124164881,0.07334872359562411
Linear Regression,-0.7732149632885428,-0.7844944554527395,0.01127949216419677
Linear Regression,0.1595388043043148,0.20430371030455952,-0.044764906000244714
Linear Regression,-1.3888324498998288,-1.6025786700381093,0.21374622013828048
Linear Regression,-0.0316757180522209,-0.08836425315133645,0.05668853509911555
Linear Regression,-0.9271193349413642,-1.2026159613024072,0.275496626361043
Linear Regression,-1.5007629020109716,-1.538147481353279,0.03738457934230732
Linear Regression,-0.728909159327882,-0.6788434440619914,-0.05006571526589065
Linear Regression,0.4836707385428329,0.3384717358227536,0.1451990027200793
Linear Regression,-0.470069988820864,-0.42336172791937765,-0.04670826090148633
Linear Regression,-0.2158945871518103,-0.40933312344674455,0.19343853629493424
Linear Regression,-0.582000440932007,-0.6242149618746344,0.042214520942627454
Linear Regression,0.3320982513089935,0.20958078037158145,0.12251747093741205
Linear Regression,-0.4001134562513997,-0.23539224292287253,-0.16472121332852718
Linear Regression,-1.4144831785086325,-1.2776396290818637,-0.1368435494267688
Linear Regression,0.548963502274333,0.6731206728358368,-0.12415717056150377
Linear Regression,0.3787359396886364,0.0733649428493095,0.3053709968393269
Linear Regression,-0.1389424013253995,-0.11824039984046641,-0.02070200148493309
Linear Regression,-0.8781497621427392,-0.7870228157107018,-0.09112694643203745
Linear Regression,-0.3021743106541496,-0.09635595515643947,-0.20581835549771016
Linear Regression,0.6678896076424223,1.0407141068663677,-0.37282449922394534
Linear Regression,0.5396359645984043,0.48706533823177156,0.05257062636663279
Linear Regression,0.0592677742880827,0.31453499437235655,-0.2552672200842738
Linear Regression,-1.0437135558904715,-0.6954536821586209,-0.34825987373185063
Linear Regression,-0.2019032806379174,0.23889840643565674,-0.44080168707357414
Linear Regression,-0.9224555661034,-0.24799092850552173,-0.6744646375978782
Linear Regression,0.8824229741887796,0.9956554317667092,-0.11323245757792966
Linear Regression,-1.3048846108164716,-0.9734052115314462,-0.33147939928502534
Linear Regression,-0.6333018981496141,-0.7294775976507534,0.09617569950113924
Linear Regression,-1.4168150629276146,-1.7233812192505642,0.3065661563229496
Linear Regression,0.4090504371354043,0.055556905148201,0.3534935319872033
Linear Regression,-0.1762525520291138,-0.5775790691924791,0.4013265171633653
Linear Regression,-0.9061323751705248,-1.1164974604622095,0.21036508529168474
Linear Regression,-0.4350917225361319,-0.6325480927906477,0.19745637025451585
Linear Regression,-1.4121512940896503,-1.8277888563719316,0.4156375622822812
Linear Regression,-0.1715887831911495,-0.057082193122586666,-0.11450659006856284
Linear Regression,-0.4117728783463104,-0.6795001196353336,0.26772724128902325
Linear Regression,-1.5310773994577396,-1.8120215422939059,0.2809441428361663
Linear Regression,-0.0759815220128816,-0.3653893669077054,0.2894078448948238
Linear Regression,-0.4164366471842747,-0.53677343600817,0.12033678882389526
Linear Regression,-1.6430078515688824,-0.8486446841259007,-0.7943631674429817
Linear Regression,-1.4587889824692932,-1.6929298507653887,0.23414086829609548
Linear Regression,0.486002622961815,0.08013818903760339,0.4058644339242116
Linear Regression,0.0872503873158684,-0.2226988295819221,0.30994921689779054
Linear Regression,-1.1556440080016144,-1.4301901561627945,0.27454614816118017
Linear Regression,-0.388454034156489,-0.5120638067479394,0.1236097725914504
Linear Regression,0.8591041299989581,0.6464085386697487,0.21269559132920945
Linear Regression,0.2971199850242614,0.22124206055687323,0.07587792446738817
Linear Regression,-0.3534757678717568,-0.33985978095944025,-0.013615986912316524
Linear Regression,-0.486393179753739,-0.5027095028774183,0.01631632312367931
Linear Regression,-1.4168150629276146,-1.660840470590762,0.2440254076631474
Linear Regression,-1.5474005903906145,-0.8581095564686018,-0.6892910339220127
Linear Regression,-1.4774440578211503,-1.6101470385739276,0.1327029807527773
Linear Regression,0.9756983509480652,0.93897031780083,0.03672803314723527
Linear Regression,-0.0479989089850959,-0.2793561800191444,0.23135727103404852
Linear Regression,-0.4304279536981675,-0.5315631393007971,0.10113518560262963
Linear Regression,0.2738011408344399,0.052923639111068566,0.22087750172337134
Linear Regression,-0.6939308930431498,-0.9553280264915043,0.26139713344835447
Linear Regression,-1.1696353145155072,-1.2765710922082398,0.10693577769273266
Linear Regression,-0.1855800897050424,-0.1587052689765731,-0.02687482072846928
Linear Regression,0.6329113413576901,0.24002742903254326,0.39288391232514686
Linear Regression,-1.2489193847609,-1.2680036436675208,0.01908425890662091
Linear Regression,0.2294953368737792,0.16777736383078956,0.06171797304298965
Linear Regression,0.0429445833552076,0.0921386475491286,-0.04919406419392099
Linear Regression,1.1202751849249584,1.0781887426774475,0.0420864422475109
Linear Regression,-0.6193105916357212,-0.6869471938482644,0.0676366022125432
Linear Regression,-1.2372599626659897,-1.4454106613954467,0.20815069872945702
Linear Regression,0.0779228496399398,0.07978092832101513,-0.0018580786810753341
Linear Regression,0.7051997583461366,0.6896194779712543,0.015580280374882238
Linear Regression,1.857150661323316,1.4991716322510085,0.3579790290723075
Linear Regression,1.309157822862512,1.3679640487560167,-0.058806225893504704
Linear Regression,0.0242895080033505,-0.08652661819155272,0.11081612619490322
Linear Regression,-0.8291801893441142,-0.8511006790039656,0.021920489659851383
Linear Regression,-1.3212078017493467,-1.1963160518820612,-0.12489174986728546
Linear Regression,0.4929982762187615,0.610012983702106,-0.11701470748334447
Linear Regression,1.4257520438116191,0.7155505482819613,0.7102014955296578
Linear Regression,0.6538983011285294,0.9243002292538347,-0.2704019281253053
Linear Regression,-0.0596583310800066,0.5665463325496565,-0.6262046636296631
Linear Regression,-1.0716961689182571,-0.5420677803278791,-0.5296283885903781
Linear Regression,0.8311215169711724,0.92227481775102,-0.09115330077984762
Linear Regression,1.3348085514713155,1.676492944200389,-0.3416843927290736
Linear Regression,-0.728909159327882,-0.5183887864903911,-0.21052037283749092
Linear Regression,1.812844857362655,1.5413191317667279,0.27152572559592714
Linear Regression,-0.7032584307190785,-0.2910350124586796,-0.4122234182603989
Linear Regression,-0.6333018981496141,-0.6178279315564369,-0.015473966593177235
Linear Regression,-0.502716370686614,-0.35690840350582864,-0.14580796718078537
Linear Regression,-0.0853090596888102,0.29362995438000095,-0.37893901406881114
Linear Regression,0.0732590808019755,0.20164739465698078,-0.12838831385500526
Linear Regression,-0.4747337576588283,-0.36725697824004766,-0.10747677941878064
Linear Regression,-1.409819409670668,-1.6995531689788035,0.2897337593081355
Linear Regression,-0.8991367219135785,-1.285998063769302,0.3868613418557235
Linear Regression,-1.4517933292123466,-1.842801754396596,0.3910084251842494
Linear Regression,0.2528141810636006,0.3575193474316971,-0.10470516636809651
Linear Regression,-0.1039641350406673,0.2688057254182783,-0.3727698604589456
Linear Regression,-0.6589526267584177,-0.67786578846855,0.018913161710132242
Linear Regression,-0.4024453406703818,-0.3915028991504511,-0.010942441519930679
Linear Regression,-0.924787450522382,-1.3551904568970097,0.4304030063746277
Linear Regression,-0.7918700386404,-0.554958091191186,-0.23691194744921396
Linear Regression,-1.4214788317655789,-1.7591202900274618,0.33764145826188297
Linear Regression,-1.4541252136313287,-1.8505749521516592,0.3964497385203305
Linear Regression,-1.5030947864299538,-1.7668116172697919,0.2637168308398381
Linear Regression,-0.938778757036275,-1.2687216054540296,0.32994284841775456
Linear Regression,0.486002622961815,0.7302353669320141,-0.24423274397019906
Linear Regression,-1.3795049122239005,-1.629404235837836,0.24989932361393552
Linear Regression,0.0336170456792791,0.30935217960269545,-0.27573513392341636
Linear Regression,-0.4117728783463104,-0.43191918598286083,0.020146307636550453
Linear Regression,-0.7568917723556677,-0.663574819214138,-0.09331695314152977
Linear Regression,-0.8081932295732749,-0.7127624971938151,-0.09543073237945976
Linear Regression,0.0755909652209577,0.34385609949744245,-0.26826513427648474
Linear Regression,-1.442465791536418,-1.6306179909374396,0.18815219940102157
Linear Regression,-0.6402975514065605,-0.3708334476093429,-0.26946410379721764
Linear Regression,-0.7032584307190785,-0.48219168995898665,-0.2210667407600918
Linear Regression,-0.3138337327490603,-0.14094506274611796,-0.17288867000294234
Linear Regression,-1.5147542085248646,-1.6327349890649505,0.11798078054008587
Linear Regression,0.1921851861700649,0.5173725389105537,-0.3251873527404888
Linear Regression,-0.8501671491149535,-0.8251665608983142,-0.025000588216639308
Linear Regression,-0.2205583559897746,-0.09005276447176236,-0.13050559151801225
Linear Regression,-0.3931178029944532,-0.18902927490915844,-0.20408852808529476
Linear Regression,-0.3674670743856497,-0.1663549466200236,-0.2011121277656261
Linear Regression,-1.491435364335043,-1.525202870996862,0.033767506661818825
Linear Regression,0.161870688723297,0.5082083335257568,-0.34633764480245977
Linear Regression,-0.6472932046635069,-0.6280471311392788,-0.019246073524228136
Linear Regression,-1.2978889575595252,-1.4963706182094259,0.1984816606499007
Linear Regression,0.2947881006052792,0.5736631898313527,-0.27887508922607346
Linear Regression,-0.0946365973647388,0.3617350774650552,-0.45637167482979396
Linear Regression,0.6702214920614045,0.9808600751885006,-0.31063858312709614
Linear Regression,-0.2881830041402567,0.06497914663005844,-0.35316215077031515
Linear Regression,-0.2205583559897746,0.1327827788553484,-0.353341134845123
Linear Regression,-0.8128569984112392,-0.4561078179118001,-0.35674918049943904
Linear Regression,-1.2372599626659897,-1.0881128915327514,-0.14914707113323833
Linear Regression,-1.3865005654808469,-1.2889765292477227,-0.09752403623312422
Linear Regression,0.3320982513089935,0.844284703976232,-0.5121864526672385
Linear Regression,-1.2745701133697038,-1.0709301664820816,-0.20363994688762221
Linear Regression,0.4906663917997793,1.0698972091231869,-0.5792308173234075
Linear Regression,0.0242895080033505,0.4420464725666886,-0.4177569645633381
Linear Regression,-0.9481062947122036,-0.45737662851267036,-0.4907296661995333
Linear Regression,0.2598098343205471,0.8827376980273502,-0.6229278637068032
Linear Regression,-0.1272829792304888,0.24245027222079885,-0.36973325145128766
Linear Regression,-0.6822714709482391,-0.19915535099482762,-0.4831161199534115
Linear Regression,-0.9970758675108286,-0.8122934267966927,-0.18478244071413585
Linear Regression,-0.614646822797757,-1.0665193154392592,0.4518724926415022
Linear Regression,-0.9597657168071144,-0.998790335036633,0.039024618229518526
Linear Regression,-0.3138337327490603,-0.3687507216006869,0.0549169888516266
Linear Regression,-1.4308063694415074,-1.8510598934480154,0.42025352400650795
Linear Regression,-0.4257641848602033,-0.5009461093568036,0.07518192449660033
Linear Regression,-0.7312410437468642,-0.9245915134164651,0.1933504696696009
Linear Regression,-1.407487525251686,-1.8520457546736129,0.4445582294219268
Linear Regression,-1.0600367468233465,-1.366404638234787,0.3063678914114405
Linear Regression,-0.5866642097699712,-0.8350758123098105,0.2484116025398393
Linear Regression,-0.7825425009644713,-0.9978562619264507,0.2153137609619794
Linear Regression,-0.8478352646959714,-1.0307396662418653,0.18290440154589394
Linear Regression,-0.0549945622420423,-0.24793986048140004,0.19294529823935774
Linear Regression,-0.470069988820864,-0.7974820583700825,0.3274120695492185
Linear Regression,-1.374841143385936,-1.7143742667306048,0.3395331233446688
Linear Regression,-1.4937672487540252,-1.7918642849700348,0.2980970362160096
Linear Regression,-0.1342786324874352,-0.187811131082666,0.05353249859523079
Linear Regression,0.355417095498815,0.45796548215474053,-0.10254838665592553
Linear Regression,-0.3161656171680425,-0.33944029042868473,0.023274673260642254
Linear Regression,-1.279233882207668,-1.5272289454193158,0.24799506321164766
Linear Regression,0.6399069946146366,0.12457206532451748,0.5153349292901191
Linear Regression,-0.3767946120615782,-0.5168422756990011,0.14004766363742288
Linear Regression,-1.4354701382794717,-1.6627906375826735,0.22732049930320186
Linear Regression,-0.5959917474458998,-0.674928912081185,0.07893716463528522
Linear Regression,-1.6290165450549896,-0.7028291770990078,-0.9261873679559818
Linear Regression,0.2621417187395292,0.3328972621869801,-0.07075554344745094
Linear Regression,-1.1579758924205965,-1.362713869065491,0.20473797664489446
Linear Regression,-0.3488119990337925,-0.3289584992882627,-0.0198534997455298
Linear Regression,-1.5264136306197753,-1.636284205761108,0.1098705751413327
Linear Regression,-0.0969684817837209,-0.20805578503640554,0.11108730325268464
Linear Regression,-0.6542888579204534,-0.8899730296749899,0.2356841717545365
Linear Regression,0.6888765674132616,0.32899782959507995,0.3598787378181817
Linear Regression,-0.3581395367097211,-0.38484120480823547,0.026701668098514375
Linear Regression,1.376782471012994,0.8479549054052002,0.5288275656077936
Linear Regression,-1.136988932649757,-1.3217320729763367,0.18474314032657957
Linear Regression,-1.3865005654808469,-1.4992918422323536,0.11279127675150669
Linear Regression,-0.1226192103925245,-0.2202045022068302,0.09758529181430568
Linear Regression,-0.3371525769388818,-0.24860848123451684,-0.08854409570436494
Linear Regression,-0.1366105169064174,-0.17892196855501163,0.042311451648594234
Linear Regression,0.420709859230315,0.3024759796338372,0.1182338795964778
Linear Regression,-0.4280960692791854,-0.5081642471972072,0.08006817791802179
Linear Regression,1.5656651089505478,0.8858029143327388,0.679862194617809
Linear Regression,-0.8618265712098643,-0.9077317428310242,0.045905171621159924
Linear Regression,-1.178962852191436,-1.0715969968238601,-0.10736585536757581
Linear Regression,0.5676185776261902,0.5522758837497179,0.015342693876472246
Linear Regression,0.1642025731422791,0.17290813035181185,-0.008705557209532755
Linear Regression,-0.2881830041402567,-0.2040212927792675,-0.08416171136098921
Linear Regression,0.0499402366121541,0.274109301729198,-0.2241690651170439
Linear Regression,0.4836707385428329,0.21329290752714503,0.27037783101568785
Linear Regression,-0.8944729530756143,-0.5810292451948721,-0.31344370788074216
Linear Regression,-0.9014686063325608,-0.31955632339521356,-0.5819122829373472
Linear Regression,0.2924562161862971,0.48473897170971014,-0.19228275552341306
Linear Regression,-0.3418163457768461,0.2792050971583251,-0.6210214429351713
Linear Regression,-1.1346570482307752,-0.8923644699352502,-0.24229257829552497
Linear Regression,0.9127374716355474,1.1913179004533982,-0.27858042881785083
Linear Regression,0.4300373969062436,0.6692632767107751,-0.23922587980453153
Linear Regression,0.8847548586077617,1.2092026652577723,-0.3244478066500106
Linear Regression,-1.3585179524530608,-1.6315166878047414,0.2729987353516805
Linear Regression,0.2341591057117435,0.3818559692183985,-0.14769686350665498
Linear Regression,-0.1739206676101317,0.12897825977801736,-0.30289892738814905
Linear Regression,-1.4494614447933645,-1.770804099685038,0.3213426548916736
Linear Regression,-0.8198526516681857,-1.0539170330937888,0.23406438142560315
Linear Regression,-0.3907859185754711,-0.33499889036994335,-0.05578702820552778
Linear Regression,-0.2788554664643282,-0.5228835580909295,0.24402809162660127
Linear Regression,-0.761555541193632,-0.6937818260039326,-0.06777371518969943
Linear Regression,-0.7662193100315963,-0.8443023106204718,0.07808300058887552
Linear Regression,0.2994518694432435,0.18587350564323923,0.11357836380000425
Linear Regression,-1.3865005654808469,-1.6796241075697655,0.29312354208891866
Linear Regression,-1.391164334318811,-1.6256286336124468,0.23446429929363588
Linear Regression,0.3507533266608507,0.30604004726043477,0.04471327940041592
Linear Regression,-0.8221845360871678,-0.9204551864222882,0.09827065033512039
Linear Regression,-0.2019032806379174,-0.5367113655158389,0.33480808487792146
Linear Regression,-0.4117728783463104,-0.5278090150422021,0.11603613669589175
Linear Regression,-1.5124223241058825,-1.722734522191996,0.21031219808611357
Linear Regression,0.0312851612602969,0.3708239839542402,-0.3395388226939433
Linear Regression,0.8124664416193152,0.7966488761907784,0.01581756542853685
Linear Regression,-0.4304279536981675,-0.3018843185616452,-0.12854363513652228
Linear Regression,-0.486393179753739,-0.45504523666285146,-0.031347943090887564
Linear Regression,-0.8781497621427392,-1.021975571380012,0.14382580923727284
Linear Regression,-1.3212078017493467,-1.526653032928258,0.20544523117891123
Linear Regression,-0.5773366720940426,-0.6000960335274401,0.022759361433397518
Linear Regression,-1.4378020226984538,-1.5915643849864245,0.1537623622879707
Linear Regression,-0.3464801146148104,-0.29094000241008966,-0.055540112204720715
Linear Regression,-0.9107961440084892,-0.8346869234842614,-0.07610922052422775
Linear Regression,-0.4980526018486497,-0.3329794657973506,-0.16507313605129909
Linear Regression,-0.6402975514065605,-0.5179227857697195,-0.12237476563684102
Linear Regression,0.2085083771029399,0.3085087571262588,-0.1000003800233189
Linear Regression,-1.0856874754321502,-1.2227363598761483,0.1370488844439981
Linear Regression,0.3694084020127078,0.5872742795854031,-0.21786587757269532
Linear Regression,0.7075316427651187,0.3714563417022154,0.3360753010629033
Linear Regression,0.2738011408344399,0.22670420694214122,0.04709693389229869
Linear Regression,-1.022726596119632,-0.9958553745476129,-0.026871221572019044
Linear Regression,-0.5750047876750605,-0.46070866246893194,-0.11429612520612853
Linear Regression,-1.342194761520186,-1.3846497669527198,0.04245500543253389
Linear Regression,0.8474447079040474,1.2001260150110786,-0.35268130710703127
Linear Regression,-0.0619902154989887,0.07391152850039995,-0.13590174399938865
Linear Regression,-0.2835192353022925,-0.1589958317915121,-0.1245234035107804
Linear Regression,0.5722823464641544,0.7562725001020085,-0.1839901536378541
Linear Regression,1.7102419429274407,0.7605491666160047,0.949692776311436
Linear Regression,-0.8128569984112392,-0.5080029074766905,-0.3048540909345486
Linear Regression,-1.2116092340571858,-0.9681168043325467,-0.24349242972463914
Linear Regression,0.8241258637142259,0.841917426490912,-0.017791562776686032
Linear Regression,1.6076390284922264,1.611235542536944,-0.0035965140447176136
Linear Regression,0.8917505118647081,0.9272023122354982,-0.0354518003707901
Linear Regression,-0.3791264964805604,0.03598726613162517,-0.4151137626121856
Linear Regression,-1.1253295105548464,-0.7362074654616415,-0.3891220450932049
Linear Regression,1.952757922501584,1.9238414340338612,0.02891648846772288
Linear Regression,-0.4840612953347569,-0.11072566968273789,-0.373335625652019
Linear Regression,0.0709271963829934,0.631189841928854,-0.5602626455458606
Linear Regression,0.5606229243692437,1.033454356518094,-0.4728314321488504
Linear Regression,0.9663708132721368,0.6099965381311749,0.35637427514096187
Linear Regression,-0.8011975763163285,-0.51262929075582,-0.2885682855605085
Linear Regression,1.001349079556869,1.6471112518085511,-0.6457621722516822
Linear Regression,-1.4051556408327035,-1.7627186557158905,0.357563014883187
Linear Regression,-0.95510194796915,-1.0219653459201226,0.06686339795097251
Linear Regression,-1.3841686810618643,-1.618009722176638,0.23384104111477377
Linear Regression,0.5163171204085829,0.40720140122966564,0.10911571917891727
Linear Regression,0.1898533017510827,0.6143284802460274,-0.42447517849494465
Linear Regression,-0.728909159327882,-0.6549889025713463,-0.07392025675653568
Linear Regression,-0.276523582045346,-0.3681557725379915,0.09163219049264548
Linear Regression,-0.6846033553672213,-0.4622027654670473,-0.22240058990017397
Linear Regression,-1.3561860680340787,-1.6753376057059188,0.3191515376718401
Linear Regression,0.1968489550080292,0.24335628832122103,-0.04650733331319182
Linear Regression,-1.363181721291025,-1.6582283709662402,0.2950466496752151
Linear Regression,-0.7195816216519534,-0.7757072151646884,0.05612559351273505
Linear Regression,-0.2858511197212746,-0.45361506544868524,0.16776394572741066
Linear Regression,-0.1692568987721674,-0.30830080316847,0.13904390439630257
Linear Regression,-0.6356337825685963,-0.812849254805149,0.17721547223655276
Linear Regression,0.5932693062349937,0.5723727970744692,0.020896509160524546
Linear Regression,0.2178359147788685,0.2804296605621157,-0.06259374578324722
Linear Regression,0.145547497790422,0.36604788363173624,-0.22050038584131423
Linear Regression,-1.4541252136313287,-1.6890529197202,0.23492770608887126
Linear Regression,-0.5400265213903284,-0.5388138397264015,-0.0012126816639268512
Linear Regression,-0.292846772978221,-0.16299499503210768,-0.1298517779461133
Linear Regression,-0.4117728783463104,-0.2592089619523571,-0.15256391639395328
Linear Regression,-1.2535831535988644,-1.4413923930160533,0.18780923941718886
Linear Regression,-0.7522280035177035,-0.6930390452692393,-0.05918895824846415
Linear Regression,-1.4657846357262396,-1.594876554939321,0.12909191921308127
Linear Regression,-1.246587500341918,-1.2579584159548032,0.011370915612885168
Linear Regression,-0.5843323253509891,-0.45303730889476024,-0.13129501645622887
Linear Regression,0.679549029737333,0.3118167504867615,0.3677322792505715
Linear Regression,0.8381171702281188,0.6349772147366357,0.20313995549148312
Linear Regression,-0.6076511695408106,-0.4515502016595081,-0.15610096788130245
Linear Regression,-0.5330308681333819,-0.518939024832725,-0.014091843300656826
Linear Regression,-0.2671960443694174,-0.1539194549848295,-0.1132765893845879
Linear Regression,0.9174012404735116,1.0653185223256374,-0.14791728185212583
Linear Regression,0.6865446829942795,0.991916061665556,-0.3053713786712765
Linear Regression,0.0662634275450291,0.05204423687785109,0.014219190667178014
Linear Regression,-0.0153525271193459,0.08924408743025758,-0.10459661454960348
Linear Regression,-0.3184975015870246,-0.1517500707864401,-0.16674743080058452
Linear Regression,-1.398159987575757,-1.4085305639987744,0.010370576423017308
Linear Regression,-1.1253295105548464,-1.0929401460736805,-0.032389364481165916
Linear Regression,-0.7195816216519534,-0.553166181757043,-0.16641543989491037
Linear Regression,-1.244255615922936,-1.0199302501536824,-0.22432536576925366
Linear Regression,-0.1436061701633638,0.02549033436967396,-0.16909650453303776
Linear Regression,1.4327476970685655,1.5431147456921837,-0.11036704862361812
Linear Regression,0.9990171951378868,0.9392335338837441,0.059783661254142695
Linear Regression,0.4929982762187615,0.7448424961347173,-0.2518442199159558
Linear Regression,0.4486924722581007,0.4118319211630965,0.03686055109500419
Linear Regression,-0.7055903151380606,-0.6423394474885548,-0.06325086764950583
Linear Regression,1.3487998579852083,1.3834076801985526,-0.03460782221334435
Linear Regression,1.8314999327145125,1.9742525498716321,-0.14275261715711962
Linear Regression,1.2228780993601729,1.1272386926072109,0.09563940675296201
Linear Regression,0.8917505118647081,1.0743976450014543,-0.1826471331367462
Linear Regression,1.9061202341219408,1.8183760845888637,0.08774414953307708
Linear Regression,-1.164971545677543,-0.8054218635567534,-0.3595496821207895
Linear Regression,-0.614646822797757,-0.002890102181245968,-0.611756720616511
Linear Regression,0.2085083771029399,0.905661747990532,-0.6971533708875921
Linear Regression,-0.6426294358255427,-0.3061511264541662,-0.33647830937137646
Linear Regression,0.6935403362512259,0.6343482728290359,0.05919206342218997
Linear Regression,-0.1995713962189353,-0.2918945344639926,0.0923231382450573
Linear Regression,-0.260200391112471,-0.4001777423327574,0.13997735122028637
Linear Regression,0.8334534013901546,0.6578486343721692,0.17560476701798533
Linear Regression,-0.5540178279042212,-0.87230947830582,0.3182916504015988
Linear Regression,0.2691373719964757,-0.08717896672430814,0.35631633872078383
Linear Regression,-1.3351991082632395,-1.7785262852526333,0.44332717698939383
Linear Regression,-1.1066744352029894,-1.4472449608637148,0.34057052566072543
Linear Regression,-0.2158945871518103,-0.3025041759768463,0.086609588825036
Linear Regression,1.101620109573101,0.8316504265368088,0.2699696830362923
Linear Regression,0.6912084518322438,0.2595104929096288,0.431697958922615
Linear Regression,0.1175648847626363,0.12127435985348956,-0.003709475090853259
Linear Regression,1.3814462398509584,0.8909296780461302,0.49051656180482817
Linear Regression,-1.2325961938280252,-1.2340846362746667,0.0014884424466414803
Linear Regression,1.0759693809642976,0.553876741948572,0.5220926390157257
Linear Regression,-1.004071520767775,-1.1465016813722182,0.14243016060444313
Linear Regression,-0.0386713713091673,0.1363377182041714,-0.1750090895133387
Linear Regression,-1.3538541836150966,-1.489079816152006,0.13522563253690945
Linear Regression,-0.2951786573972032,-0.035371022439762534,-0.2598076349574407
Linear Regression,0.6422388790336188,0.8770613643235157,-0.2348224852898969
Linear Regression,-1.2815657666266502,-1.297449400693877,0.015883634067226815
Linear Regression,-0.8548309179529178,-0.6151677922541829,-0.23966312569873482
Linear Regression,-0.1529337078392924,0.18150961329518855,-0.33444332113448094
Linear Regression,0.5023258138946901,0.835670568472366,-0.3333447545776759
Linear Regression,-1.4004918719947397,-1.4721056767021223,0.07161380470738266
Linear Regression,-0.3837902653185246,-0.05567738766323038,-0.32811287765529423
Linear Regression,-0.4560786823069711,-0.14806492923995074,-0.30801375306702033
Linear Regression,0.7215229492790116,0.9614860544437143,-0.23996310516470265
Linear Regression,0.4323692813252257,0.7104625704624203,-0.27809328913719467
Linear Regression,-1.342194761520186,-1.3889095730579162,0.04671481153773027
Linear Regression,-0.6776077021102749,-0.499541025215666,-0.17806667689460887
Linear Regression,-0.2322177780846853,0.06162596118407948,-0.2938437392687648
Linear Regression,0.2294953368737792,0.7062851536527228,-0.4767898167789436
Linear Regression,-0.777878732126507,-0.5611569895901727,-0.21672174253633436
Linear Regression,-0.1599293610962388,0.21002850024958186,-0.36995786134582065
Linear Regression,1.068973727707351,1.0502292874053651,0.018744440301985854
Linear Regression,0.0079663170704755,0.2729121496178397,-0.2649458325473642
Linear Regression,-1.2815657666266502,-1.3062547033831144,0.02468893675646422
Linear Regression,0.0266213924223326,0.1960576287957716,-0.169436236373439
Linear Regression,-1.1766309677724536,-1.127157069575289,-0.04947389819716452
Linear Regression,1.76387528456403,1.88863363780191,-0.12475835323787998
Linear Regression,-0.7079221995570427,-0.49929706117388406,-0.20862513838315866
Linear Regression,0.6538983011285294,0.6510987567663638,0.0027995443621656735
Linear Regression,0.5862736529780472,0.7400321605115108,-0.15375850753346354
Linear Regression,0.4463605878391186,0.7917385008735724,-0.34537791303445387
Linear Regression,-1.069364284499275,-0.834940875301612,-0.23442340919766302
Linear Regression,-0.2555366222745067,0.21426518911484127,-0.46980181138934796
Linear Regression,1.2392012902930476,1.4309153101420624,-0.19171401984901482
Linear Regression,1.1622491044666368,1.450260026476542,-0.2880109220099052
Linear Regression,2.085675334383566,2.2629097444556185,-0.17723441007205265
Linear Regression,-0.3954496874134354,0.1524551171902888,-0.5479048046037243
Linear Regression,-0.6706120488533284,-0.08194890438312097,-0.5886631444702074
Linear Regression,1.407096968459762,2.2364326235353955,-0.8293356550756334
Linear Regression,0.6515664167095473,1.2820077447803806,-0.6304413280708333
Linear Regression,-0.9667613700640608,-0.5785103849186859,-0.3882509851453749
Linear Regression,0.1665344575612613,0.9518503835165841,-0.7853159259553228
Linear Regression,-0.7405685814227927,-0.3299616195324129,-0.4106069618903798
Linear Regression,-0.5889960941889534,-0.20166947696124526,-0.3873266172277081
Linear Regression,-0.082977175269828,-0.1439477554196138,0.060970580149785805
Linear Regression,-0.4444192602120604,-0.011117604280084459,-0.43330165593197595
Linear Regression,-1.0786918221752035,-1.06869604132108,-0.00999578085412356
Linear Regression,-1.099678781946043,-1.1108359044099285,0.01115712246388556
Linear Regression,-1.4960991331730074,-1.6852755254268144,0.189176392253807
Linear Regression,-1.3818367966428824,-1.477520319054963,0.09568352241208067
Linear Regression,-0.0410032557281494,0.7301827252252835,-0.7711859809534329
Linear Regression,0.4253736280682793,0.8118143987141204,-0.38644077064584115
Linear Regression,-0.1412742857443817,0.2054539925440091,-0.3467282782883908
Linear Regression,-1.0483773247284358,-0.9969606405354203,-0.05141668419301548
Linear Regression,-0.8245164205061499,-0.7260231960405975,-0.09849322446555242
Linear Regression,-0.4654062199828997,-0.19519870043779153,-0.2702075195451082
Linear Regression,-1.265242575693775,-1.4337112355058776,0.16846865981210257
Linear Regression,0.0429445833552076,0.39572824525626227,-0.35278366190105465
Linear Regression,-1.470448404564204,-1.696459703917391,0.2260112993531871
Linear Regression,-0.2322177780846853,-0.18967859766129913,-0.04253918042338617
Linear Regression,0.5606229243692437,0.7987286646533578,-0.23810574028411413
Linear Regression,-1.0460454403094537,-1.0345396517218726,-0.011505788587581112
Linear Regression,-0.6193105916357212,-0.5033873726664558,-0.11592321896926538
Linear Regression,-1.2419237315039535,0.21629198893459511,-1.4582157204385486
Linear Regression,-1.3701773745479715,-1.5504312993555378,0.1802539248075663
Linear Regression,-0.8338439581820785,-0.86188919420862,0.02804523602654152
Linear Regression,-0.2368815469226496,-0.23868480600965658,0.0018032590870069864
Linear Regression,-1.2349280782470071,-1.3319176949311964,0.09698961668418926
Linear Regression,0.6189200348437973,0.7574315029980667,-0.1385114681542694
Linear Regression,-0.3651351899666675,-0.25117062729112005,-0.11396456267554744
Linear Regression,-0.470069988820864,-0.319250298823165,-0.15081968999769896
Linear Regression,-0.7592236567746499,-0.7487341669286137,-0.010489489846036149
Linear Regression,-1.4331382538604895,-1.4877216570958092,0.05458340323531963
Linear Regression,-0.2462090845985781,0.042956142867176306,-0.2891652274657544
Linear Regression,-0.9784207921589714,-0.9216595103389574,-0.05676128182001394
Linear Regression,-1.3048846108164716,-1.3569507345988425,0.052066123782370966
Linear Regression,-0.2042351650568996,-0.005257009155101633,-0.19897815590179796
Linear Regression,-1.0157309428626855,-0.008586038541231744,-1.0071449043214538
Linear Regression,0.7868157130105117,0.9733523001541693,-0.18653658714365762
Linear Regression,1.2252099837791548,1.1167447911834314,0.1084651925957234
Linear Regression,-0.2462090845985781,-0.1607005266348862,-0.08550855796369189
Linear Regression,0.8684316676748867,0.3966329622217404,0.4717987054531463
Linear Regression,-1.3328672238442574,-1.3354117191061483,0.0025444952618909333
Linear Regression,0.1268924224385648,0.2828203086415275,-0.15592788620296272
Linear Regression,-1.2069454652192215,-1.201164981144637,-0.005780484074584535
Linear Regression,-0.4793975264967925,-0.4869966271807956,0.007599100684003102
Linear Regression,-0.6402975514065605,-0.5792130291030603,-0.061084522303500255
Linear Regression,0.0685953119640112,0.18909818098626285,-0.12050286902225166
Linear Regression,0.6865446829942795,0.7681225804687739,-0.0815778974744944
Linear Regression,-0.3045061950731317,-0.013166205495317884,-0.2913399895778138
Linear Regression,-0.5400265213903284,-0.35121281240984004,-0.18881370898048833
Linear Regression,-1.0064034051867572,-0.7724113595181958,-0.23399204566856135
Linear Regression,1.5819882998834227,1.3961216022714185,0.18586669761200425
Linear Regression,0.7075316427651187,0.6077422957760021,0.09978934698911657
Linear Regression,2.309536238605852,2.235799052440097,0.0737371861657552
Linear Regression,1.094624456316155,0.8812866753150086,0.2133377810011463
Linear Regression,-0.4957207174296676,-0.194445214869851,-0.3012755025598166
Linear Regression,-0.6239743604736855,0.08480270221110797,-0.7087770626847935
Linear Regression,1.7918578975918158,2.0852770363933684,-0.29341913880155257
Linear Regression,-0.1109597882976138,0.14244204984780007,-0.25340183814541384
Linear Regression,2.4727681479346018,2.269802900097579,0.20296524783702274
Linear Regression,1.309157822862512,1.4076012831126814,-0.09844346025016937
Linear Regression,-0.8828135309807035,-0.4109112857646068,-0.4719022452160967
Linear Regression,1.2555244812259223,1.4101473458452105,-0.1546228646192882
Linear Regression,-1.0157309428626855,-0.5774578171285092,-0.4382731257341763
Linear Regression,0.5559591555312794,1.1795348474898626,-0.6235756919585832
Linear Regression,0.2504822966446185,0.6703679252895596,-0.41988562864494106
Linear Regression,-0.8851454153996857,-1.1257175213761357,0.24057210597644996
Linear Regression,-0.4024453406703818,-0.09941114822073005,-0.30303419244965174
Linear Regression,-1.02039471170065,-0.9421750360839015,-0.07821967561674847
Linear Regression,-0.3184975015870246,-0.21320019878387053,-0.10529730280315408
Linear Regression,0.3740721708506722,0.7526281353765829,-0.3785559645259107
Linear Regression,-0.6682801644343462,-0.2880905064171173,-0.3801896580172289
Linear Regression,-1.3212078017493467,-1.4881326841139937,0.16692488236464698
Linear Regression,-1.4378020226984538,-1.6920182696625998,0.254216246964146
Linear Regression,-1.3328672238442574,-1.5201918166214257,0.1873245927771683
Linear Regression,-0.1739206676101317,-0.2043176728623337,0.030397005252202014
Linear Regression,-0.3697989588046318,-0.3480221529059051,-0.021776805898726714
Linear Regression,0.3577489799177971,0.5301286170013839,-0.17237963708358683
Linear Regression,-1.4564570980503109,-1.7057743162132362,0.2493172181629253
Linear Regression,-0.2881830041402567,-0.2588189784142263,-0.02936402572603042
Linear Regression,-0.7079221995570427,-0.8301224506061484,0.1222002510491057
Linear Regression,0.210840261521922,0.1463328659856975,0.0645073955362245
Linear Regression,-1.1206657417168822,-1.163454854835333,0.042789113118450794
Linear Regression,-0.1832482052860602,-0.16870121642762181,-0.014546988858438387
Linear Regression,0.6585620699664937,0.7168969638517764,-0.05833489388528268
Linear Regression,0.2924562161862971,0.07202121219466617,0.2204350039916309
Linear Regression,-1.342194761520186,-1.4671890933354041,0.12499433181521824
Linear Regression,-0.9737570233210072,-1.0172584525875759,0.043501429266568636
Linear Regression,-0.4817294109157747,-0.2465894759592595,-0.2351399349565152
Linear Regression,-1.5170860929438468,-1.6786381854064656,0.1615520924626188
Linear Regression,-0.388454034156489,-0.33181833074872635,-0.05663570340776264
Linear Regression,-0.728909159327882,-0.7771633066409298,0.04825414731304778
Linear Regression,-1.2675744601127572,-1.2246688254322633,-0.04290563468049391
Linear Regression,-1.491435364335043,-1.527799543436554,0.03636417910151102
Linear Regression,0.6585620699664937,0.9204814516223561,-0.26191938165586237
Linear Regression,-0.8478352646959714,-0.7212844546299476,-0.12655081006602376
Linear Regression,-0.5400265213903284,-0.2923378806288106,-0.24768864076151775
Linear Regression,-0.9364468726172928,-0.6839874407897797,-0.25245943182751307
Linear Regression,0.5862736529780472,0.20745831691608396,0.37881533606196327
Linear Regression,-0.5866642097699712,-0.23151784591503066,-0.3551463638549406
Linear Regression,-0.0876409441077923,0.007714968205861927,-0.09535591231365423
Linear Regression,0.0382808145172434,0.19550655297814523,-0.15722573846090182
Linear Regression,-0.2415453157606139,0.07000040730468737,-0.31154572306530126
Linear Regression,-1.2349280782470071,-1.131877100149875,-0.10305097809713204
Linear Regression,0.7401780246308688,1.0498954741527924,-0.3097174495219236
Linear Regression,-0.1016322506216852,0.035812253003162375,-0.13744450362484756
Linear Regression,-0.777878732126507,-0.5572207858533862,-0.22065794627312085
Linear Regression,-1.4844397110780967,-1.4629976962607196,-0.021442014817377064
Linear Regression,0.6375751101956545,0.9408625883108277,-0.3032874781151732
Linear Regression,-0.7498961190987213,-0.46815091632296557,-0.28174520277575577
Linear Regression,0.6095924971678687,0.6329043993179084,-0.023311902150039754
Linear Regression,1.0596461900314225,1.5091214775855772,-0.4494752875541548
Linear Regression,-1.1836266210294002,-0.9739400285217144,-0.20968659250768584
Linear Regression,-0.4001134562513997,-0.14127762086316786,-0.25883583538823185
Linear Regression,-0.5983236318648819,-0.5783868647326058,-0.0199367671322761
Linear Regression,-0.7662193100315963,-0.4068793581440434,-0.35933995188755286
Linear Regression,0.6982041050891902,0.5482590221823758,0.1499450829068144
Linear Regression,1.4164245061356906,1.4030323903856359,0.013392115750054723
Linear Regression,0.7425099090498509,0.8293268304653965,-0.08681692141554553
Linear Regression,-0.5120439083625427,-0.14336325766703872,-0.36868065069550393
Linear Regression,-0.8501671491149535,-0.42438683952383194,-0.42578030959112156
Linear Regression,0.9756983509480652,1.1445792641613997,-0.16888091321333443
Linear Regression,1.9550898069205656,2.0012066449094155,-0.04611683798884991
Linear Regression,-0.8501671491149535,-0.23428548512682412,-0.6158816639881294
Linear Regression,-1.2675744601127572,-0.8742423255865597,-0.39333213452619753
Linear Regression,1.3651230489180834,1.6717466663665017,-0.30662361744841826
Linear Regression,1.295166516348619,0.8255872871188279,0.4695792292297911
Linear Regression,0.1968489550080292,0.7531589059733679,-0.5563099509653386
Linear Regression,-0.7312410437468642,-1.0261785574335378,0.29493751368667365
Linear Regression,-0.292846772978221,0.27336515046343335,-0.5662119234416543
Linear Regression,-0.243877200179596,-0.3160775362660735,0.0722003360864775
Linear Regression,-1.1906222742863466,-1.3011099280090819,0.11048765372273528
Linear Regression,-0.5237033304574533,-0.22831816708792796,-0.29538516336952536
Linear Regression,-1.4051556408327035,-1.5641272639409713,0.15897162310826785
Linear Regression,0.1805257640751542,0.4216592004559945,-0.24113343638084028
Linear Regression,-1.4681165201452218,-1.8054987641079474,0.33738224396272565
Linear Regression,-0.6426294358255427,-0.3819516093441604,-0.26067782648138227
Linear Regression,-1.178962852191436,-1.3225227048091583,0.14355985261772242
Linear Regression,0.112901115924672,0.3830454560997747,-0.2701443401751027
Linear Regression,-0.9201236816844178,-0.7683833297456648,-0.15174035193875302
Linear Regression,-0.2065670494758817,-0.3401018839289295,0.13353483445304778
Linear Regression,-0.2485409690175603,-0.43779961620482544,0.18925864718726515
Linear Regression,0.5373040801794222,0.5349781740126873,0.0023259061667348924
Linear Regression,-1.5450687059716324,-1.7981368697236322,0.2530681637519998
Linear Regression,-0.4234323004412211,-0.2251674650001687,-0.1982648354410524
Linear Regression,-1.3865005654808469,-1.579469282547185,0.1929687170663381
Linear Regression,-0.5936598630269176,-0.38922383386439696,-0.20443602916252068
Linear Regression,-0.0806452908508459,-0.0784211279340965,-0.0022241629167494004
Linear Regression,-0.9597657168071144,-1.0004567452857156,0.04069102847860118
Linear Regression,-1.491435364335043,-1.7281980264711327,0.23676266213608965
Linear Regression,-0.7032584307190785,-0.3855766888049993,-0.31768174191407916
Linear Regression,0.4300373969062436,0.5227604870197684,-0.09272309011352481
Linear Regression,0.2901243317673149,0.5131180048322035,-0.2229936730648886
Linear Regression,-0.679939586529257,-0.7054077652173045,0.025468178688047516
Linear Regression,-1.230264309409043,-1.3795914415235733,0.1493271321145302
Linear Regression,-0.4234323004412211,-0.17535551208965838,-0.24807678835156272
Linear Regression,-1.2838976510456324,-1.2376039394468794,-0.04629371159875295
Linear Regression,-0.0946365973647388,0.05285275500940645,-0.14748935237414523
Linear Regression,-0.5703410188370962,-0.31710106917340786,-0.25323994966368835
Linear Regression,0.5093214671516365,0.7876133186169545,-0.278291851465318
Linear Regression,-1.0157309428626855,-0.8382820333276739,-0.17744890953501158
Linear Regression,-0.8221845360871678,-0.7436154887564549,-0.0785690473307129
Linear Regression,0.5676185776261902,0.72484401791215,-0.15722544028595986
Linear Regression,-1.489103479916061,-1.5808315294553081,0.09172804953924718
Linear Regression,0.8987461651216546,1.1148110556526554,-0.21606489053100075
Linear Regression,-1.1882903898673645,-1.1242823132097253,-0.06400807665763919
Linear Regression,0.7261867181169759,0.9593531397343877,-0.23316642161741186
Linear Regression,-1.4774440578211503,-1.5241738156550624,0.04672975783391209
Linear Regression,-0.6752758176912927,-0.5957648528937254,-0.07951096479756736
Linear Regression,-0.1319467480684531,0.05160758055373793,-0.18355432862219104
Linear Regression,-0.3814583808995425,-0.05493645383012136,-0.3265219270694211
Linear Regression,-0.3837902653185246,-0.3862548949066046,0.0024646295880799696
Linear Regression,-0.1972395117999531,0.034107462121803156,-0.23134697392175627
Linear Regression,-0.728909159327882,-0.4180496862357854,-0.3108594730920966
Linear Regression,0.2784649096724042,0.5503225822579287,-0.2718576725855245
Linear Regression,-1.633680313892954,-1.3262625189725257,-0.3074177949204284
Linear Regression,0.2877924473483328,0.5052673669836969,-0.21747491963536408
Linear Regression,-0.9131280284274714,-0.7021872295272212,-0.2109407989002502
Linear Regression,0.2598098343205471,0.5264890722200444,-0.26667923789949727
Linear Regression,-0.5633453655801498,-0.36889584924692576,-0.19444951633322405
Linear Regression,0.8264577481332082,1.2872505486244972,-0.460792800491289
Linear Regression,0.6072606127488865,1.341098213540472,-0.7338376007915856
Linear Regression,-0.9481062947122036,-0.4234029579962111,-0.5247033367159926
Linear Regression,0.5233127736655294,0.9134801435776119,-0.39016736991208245
Linear Regression,-0.2228902404087567,0.3795603691971885,-0.6024506096059452
Linear Regression,0.5582910399502615,1.0017554355471208,-0.44346439559685924
Linear Regression,1.0969563407351368,1.6595222020146085,-0.5625658612794717
Linear Regression,-1.3212078017493467,-1.169234324908754,-0.1519734768405927
Linear Regression,0.5093214671516365,1.2279541773950529,-0.7186327102434164
Linear Regression,-0.777878732126507,-0.2192762848349714,-0.5586024472915356
Linear Regression,-0.8944729530756143,-0.5252488585924203,-0.36922409448319393
Linear Regression,-1.1859585054483823,-1.584292269196038,0.3983337637476556
Linear Regression,0.0196257391653862,0.11140893276154396,-0.09178319359615775
Linear Regression,-1.3678454901289896,-1.831728510949769,0.46388302082077937
Linear Regression,-0.1086279038786316,0.026329129549831576,-0.13495703342846316
Linear Regression,-1.036717902633525,-1.3636097465243147,0.32689184389078974
Linear Regression,-0.1972395117999531,-0.5672273547885719,0.36998784298861875
Linear Regression,-0.6099830539597927,-0.966006655474023,0.3560236015142303
Linear Regression,-0.5610134811611677,-0.6327871852298919,0.07177370406872419
Linear Regression,-0.5796685565130247,-0.575596264811296,-0.004072291701728736
Linear Regression,-1.0553729779853822,-0.9109043073606491,-0.14446867062473312
Linear Regression,-0.6776077021102749,-0.3808579596982422,-0.29674974241203267
Linear Regression,0.4440287034201364,0.6611174925987413,-0.2170887891786049
Linear Regression,0.3857315929455829,0.09325144821918485,0.29248014472639805
Linear Regression,-0.1272829792304888,-0.07245615420448859,-0.054826825026000225
Linear Regression,-1.2512512691798825,-1.1096695875477791,-0.14158168163210338
Linear Regression,-0.292846772978221,-0.25815639206596386,-0.034690380912257124
Linear Regression,-1.0553729779853822,-0.5941734472542402,-0.46119953073114206
Linear Regression,0.905741818378601,1.0050154844931107,-0.09927366611450972
Linear Regression,-0.5237033304574533,-0.46192148694093627,-0.061781843516517054
Linear Regression,0.1805257640751542,0.5779717595665232,-0.39744599549136905
Linear Regression,0.6515664167095473,0.7294453733911075,-0.0778789566815602
Linear Regression,-1.2022816963812573,-1.2229800783032738,0.020698381922016562
Linear Regression,-0.9131280284274714,-0.7583405031216465,-0.15478752530582496
Linear Regression,-0.9760889077399892,-0.9946234253603787,0.01853451762038949
Linear Regression,-0.3674670743856497,-0.26995680473225214,-0.09751026965339754
Linear Regression,-1.3865005654808469,-1.5519249307109872,0.16542436523014037
Linear Regression,-0.0853090596888102,-0.013086220223097023,-0.07222283946571317
Linear Regression,-1.050709209147418,-0.812630706705966,-0.2380785024414519
Linear Regression,0.8124664416193152,0.8253652119587285,-0.012898770339413224
Linear Regression,-0.5306989837143997,-0.4360350901590835,-0.09466389355531624
Linear Regression,-1.0856874754321502,-1.0339837605786215,-0.05170371485352865
Linear Regression,0.2504822966446185,0.4697869367318379,-0.2193046400872194
Linear Regression,-0.325493154843971,-0.11653421195217328,-0.20895894289179773
Linear Regression,-0.7149178528139891,-0.7015759365790978,-0.013341916234891338
Linear Regression,-0.0083568738623994,0.1440666289606216,-0.152423502823021
Linear Regression,-1.4564570980503109,-1.5435696218276607,0.08711252377734979
Linear Regression,-1.0926831286890966,-0.9494107915725792,-0.14327233711651732
Linear Regression,0.4137142059733686,0.6843278905346191,-0.27061368456125046
Linear Regression,-0.2975105418161853,-0.04003532299865942,-0.2574752188175259
Linear Regression,-0.6472932046635069,-0.5058387387996612,-0.1414544658638457
Linear Regression,-1.377173027804918,-1.4105768426186172,0.03340381481369925
Linear Regression,0.7238548336979937,0.9133400502265512,-0.18948521652855743
Linear Regression,-0.7522280035177035,-0.48396465840629876,-0.2682633451114047
Linear Regression,-0.0083568738623994,0.15712609204565808,-0.16548296590805747
Linear Regression,0.0266213924223326,0.17336647011803086,-0.14674507769569825
Linear Regression,1.2625201344828691,1.21578208858813,0.046738045894739066
Linear Regression,0.6632258388044581,0.7082528333442302,-0.0450269945397721
Linear Regression,-0.5750047876750605,-0.41564231501326454,-0.15936247266179593
Linear Regression,1.344136089147244,1.5974653601575093,-0.25332927101026526
Linear Regression,-1.2092773496382037,-1.042231599230383,-0.16704575040782066
Linear Regression,-0.194907627380971,0.08155497820466806,-0.27646260558563907
Linear Regression,-0.6566207423394356,-0.30604328804765835,-0.3505774542917772
Linear Regression,0.3833997085266007,0.48374135132957274,-0.10034164280297203
Linear Regression,0.8474447079040474,0.8550063767516467,-0.007561668847599345
Linear Regression,-0.0526626778230602,0.6591716056871377,-0.711834283510198
Linear Regression,1.4630621945153337,1.8792827671044892,-0.41622057258915546
Linear Regression,-0.7032584307190785,-0.1605662143231874,-0.542692216395891
Linear Regression,-0.4001134562513997,0.030053769320433688,-0.4301672255718334
Linear Regression,-0.840839611439025,-0.431771773610397,-0.409067837828628
Linear Regression,1.8991245808649944,1.9884021684572843,-0.08927758759228999
Linear Regression,-1.2256005405710788,-0.8728157596489987,-0.3527847809220801
Linear Regression,0.9337244314063868,1.065805696183927,-0.13208126477754023
Linear Regression,0.8917505118647081,1.1645907101543167,-0.2728401982896086
Linear Regression,-1.3188759173303646,-1.3859117221273147,0.06703580479695015
Linear Regression,-0.6286381293116499,-0.47781687897156155,-0.1508212503400883
Linear Regression,-0.2555366222745067,0.23251574295103383,-0.4880523652255405
Linear Regression,-0.3045061950731317,0.2399788849721851,-0.5444850800453168
Linear Regression,-0.7638874256126141,-0.5122696104403998,-0.2516178151722144
Linear Regression,-1.001739636348793,-0.8728086239750883,-0.12893101237370463
Linear Regression,-0.810525113992257,-0.4546968442031363,-0.35582826978912074
Linear Regression,-1.2092773496382037,-1.1849944818512865,-0.02428286778691713
Linear Regression,-1.5637237813234897,-1.7953958328934958,0.23167205157000614
Linear Regression,-0.6239743604736855,-0.4801116435554903,-0.1438627169181952
Linear Regression,-1.230264309409043,-1.2806520799697916,0.0503877705607485
Linear Regression,-0.0106887582813816,0.2503325015040545,-0.2610212597854361
Linear Regression,-0.88980918423765,-1.0816846719516942,0.19187548771404417
Linear Regression,-0.502716370686614,-0.4757497781013841,-0.02696659258522993
Linear Regression,-1.0623686312423286,-1.142495592325222,0.08012696108289341
Linear Regression,-1.4984310175919895,-1.6747671771424715,0.17633615955048199
Linear Regression,-0.0759815220128816,0.22089024536856794,-0.29687176738144955
Linear Regression,-0.5353627525523641,-0.5498939629491912,0.014531210396827143
Linear Regression,-0.7452323502607571,-0.44188245618255184,-0.30334989407820523
Linear Regression,-1.4308063694415074,-1.4426134070942882,0.011807037652780794
Linear Regression,-0.325493154843971,-0.2137160122415187,-0.1117771426024523
Linear Regression,-0.1319467480684531,0.1413764501365269,-0.27332319820497997
Linear Regression,-0.0876409441077923,0.30094198652229665,-0.388582930630089
Linear Regression,-1.4284744850225253,-1.60553479005174,0.17706030502921477
Linear Regression,-0.924787450522382,-1.0004993072553456,0.07571185673296366
Linear Regression,-0.728909159327882,-0.4667796415345242,-0.2621295177933578
Linear Regression,-0.9434425258742392,-0.9909491556617606,0.047506629787521404
Linear Regression,-1.0763599377562214,-0.7897903033328406,-0.2865696344233808
Linear Regression,-0.8688222244668107,-0.779094805849081,-0.0897274186177297
Linear Regression,0.33909390456594,0.708131349408796,-0.36903744484285594
Linear Regression,-0.0456670245661137,0.42582391975426526,-0.47149094432037897
Linear Regression,-0.7452323502607571,-0.416511545783522,-0.32872080447723506
Linear Regression,-1.3538541836150966,-1.2940001195280253,-0.05985406408707128
Linear Regression,-0.7708830788695606,-0.4353969654846773,-0.3354861133848833
Linear Regression,-1.4471295603743823,-1.5055908942385603,0.058461333864177956
Linear Regression,-0.3837902653185246,-0.08320455491783996,-0.30058571040068466
Linear Regression,0.4673475476099579,0.7447222691557007,-0.27737472154574283
Linear Regression,-0.7335729281658463,-0.6113998980646902,-0.1221730301011561
Linear Regression,-0.4094409939273282,-0.1596553984866742,-0.24978559544065398
Linear Regression,-0.3068380794921139,-0.013725976599353817,-0.2931121028927601
Linear Regression,-1.1766309677724536,-1.1305630356805687,-0.04606793209188487
Linear Regression,0.3600808643367792,0.39861842091594757,-0.03853755657916835
Linear Regression,-1.4354701382794717,-1.3802222832809234,-0.05524785499854823
Linear Regression,-0.8804816465617213,-0.7066274240230974,-0.17385422253862393
Linear Regression,-0.3021743106541496,-0.0956916414985316,-0.20648266915561803
Linear Regression,-0.5073801395245783,-0.18870402128090857,-0.3186761182436697
Linear Regression,-0.6962627774621319,-0.3533219637640207,-0.34294081369811125
Linear Regression,0.3344301357279757,0.6029079380087654,-0.2684778022807897
Linear Regression,-0.7149178528139891,-0.49765479210691044,-0.21726306070707868
Linear Regression,0.4137142059733686,0.5141879157155531,-0.1004737097421845
Linear Regression,1.488712923124137,1.5973586171429623,-0.1086456940188254
Linear Regression,-1.2395918470849716,-0.9920265205064491,-0.24756532657852248
Linear Regression,0.5932693062349937,0.698170765337895,-0.10490145910290127
Linear Regression,1.2741795565777798,1.2265661511822339,0.04761340539554593
Linear Regression,-1.230264309409043,-0.8426709455702208,-0.38759336383882226
Linear Regression,1.2718476721587977,1.6683599607376065,-0.3965122885788088
Linear Regression,-0.2158945871518103,0.43506591841203646,-0.6509605055638468
Linear Regression,-1.1066744352029894,-0.4442856146456855,-0.6623888205573039
Linear Regression,0.9453838535012976,0.7696903811797187,0.17569347232157895
Linear Regression,1.9037883497029584,1.9395745057378861,-0.03578615603492774
Linear Regression,-0.9877483298349,-0.5546552345106972,-0.4330930953242028
Linear Regression,0.5396359645984043,0.8338246494678003,-0.294188684869396
Linear Regression,-0.3418163457768461,0.11173673707639242,-0.45355308285323853
Linear Regression,-1.5637237813234897,-1.8759474001422003,0.31222361881871064
Linear Regression,-0.2741916976263639,0.19942562023914756,-0.4736173178655115
Linear Regression,-0.9994077519298108,-1.021287276918024,0.021879524988213106
Linear Regression,-0.5400265213903284,-0.4531161809055355,-0.08691034048479285
Linear Regression,-0.4724018732398461,-0.7536353089406758,0.28123343570082965
Linear Regression,-0.3767946120615782,-0.10064585614686328,-0.27614875591471494
Linear Regression,-1.1859585054483823,-1.4476552776808111,0.2616967722324288
Linear Regression,-1.4214788317655789,-1.6194887850753998,0.19800995330982096
Linear Regression,-0.7009265463000963,-0.4645244003680007,-0.23640214593209563
Linear Regression,-0.8035294607353106,-0.7988533955910044,-0.004676065144306185
Linear Regression,-0.0783134064318638,-0.03167528293335331,-0.046638123498510486
Linear Regression,-0.519039561619489,-0.5989238408203453,0.07988427920085628
Linear Regression,-0.0596583310800066,-0.06788095166164654,0.008222620581639938
Linear Regression,-1.0880193598511323,-1.2644733374119348,0.1764539775608025
Linear Regression,-1.3958281031567752,-1.624345291515528,0.2285171883587529
Linear Regression,-0.7895381542214177,-0.7198221136918059,-0.06971604052961178
Linear Regression,-1.1416527014877216,-1.220543637289644,0.07889093580192252
Linear Regression,-1.5264136306197753,-1.7942352919918925,0.26782166137211716
Linear Regression,-0.145938054582346,0.06112442805709284,-0.20706248263943883
Linear Regression,-0.5470221746472748,-0.6087236073604412,0.061701432713166415
Linear Regression,-0.7312410437468642,-0.5993481418390809,-0.13189290190778324
Linear Regression,-0.9620976012260964,-1.1006174764864136,0.13851987526031717
Linear Regression,-1.3468585303581502,-1.4743642036410955,0.12750567328294538
Linear Regression,-1.4774440578211503,-1.6435609617382012,0.16611690391705092
Linear Regression,-1.0926831286890966,-1.1651746709895,0.07249154230040333
Linear Regression,0.1991808394270113,0.1946418735796689,0.004538965847342424
Linear Regression,-0.679939586529257,-0.5621178912772938,-0.11782169525196318
Linear Regression,-0.2718598132073818,-0.2920106262995892,0.020150813092207398
Linear Regression,-1.470448404564204,-1.4580675297184116,-0.012380874845792311
Linear Regression,-1.5264136306197753,-1.5487170025297952,0.022303371910019854
Linear Regression,0.1525431510473684,0.3435493092479762,-0.19100615820060782
Linear Regression,-0.95510194796915,-0.8663710799443691,-0.08873086802478092
Linear Regression,-1.2092773496382037,-1.1274257330776187,-0.08185161656058493
Linear Regression,-0.7592236567746499,-0.46957700259455937,-0.2896466541800905
Linear Regression,0.0639315431260469,0.3729080686706854,-0.3089765255446385
Linear Regression,-0.6659482800153641,-0.4752030196000674,-0.1907452604152967
Linear Regression,0.1898533017510827,0.5461135042240965,-0.3562602024730138
Linear Regression,-0.9527700635501678,-0.8658713202319555,-0.08689874331821235
Linear Regression,0.0942460405728148,0.38940052180805607,-0.29515448123524124
Linear Regression,-0.8501671491149535,-0.45899278889710016,-0.39117436021785335
Linear Regression,-0.551685943485239,-0.284718946759017,-0.26696699672622204
Linear Regression,-1.2559150380178463,-1.200042657031504,-0.055872380986342396
Linear Regression,-0.3021743106541496,-0.044932107690328627,-0.257242202963821
Linear Regression,-1.393496218737793,-1.3674770883237874,-0.02601913041400561
Linear Regression,-0.4957207174296676,-0.33242482033979204,-0.16329589708987557
Linear Regression,-1.3655136057100077,-1.1212750324434588,-0.24423857326654885
Linear Regression,0.5256446580845116,0.6986064202867506,-0.17296176220223902
Linear Regression,-0.7732149632885428,-0.15242110372077744,-0.6207938595677653
Linear Regression,0.8614360144179403,1.1147635144981325,-0.2533275000801922
Linear Regression,-0.7848743853834534,-0.6643520368457804,-0.12052234853767307
Linear Regression,1.129602722600887,1.1827588665122133,-0.05315614391132639
Linear Regression,0.3041156382812078,0.4635159419005117,-0.1594003036193039
Linear Regression,-0.2322177780846853,-0.029915436175693477,-0.20230234190899182
Linear Regression,0.3134431759571364,0.5052834586984396,-0.19184028274130321
Linear Regression,-0.9457744102932214,-0.3678419756341702,-0.5779324346590512
Linear Regression,-1.2232686561520965,-0.8910973935266415,-0.33217126262545493
Linear Regression,-0.9084642595895072,-0.5866581458536698,-0.32180611373583734
Linear Regression,0.9896896574619582,1.572618500741282,-0.5829288432793238
Linear Regression,-0.5330308681333819,-0.0659662324304493,-0.46706463570293255
Linear Regression,-0.1132916727165959,0.48914776282616,-0.6024394355427559
Linear Regression,0.856772245579976,1.070154420291194,-0.2133821747112179
Linear Regression,1.9061202341219408,2.017547451817244,-0.11142721769530328
Linear Regression,0.7798200597535653,0.8090449563660838,-0.02922489661251848
Linear Regression,-1.1626396612585608,-1.2402490238142523,0.07760936255569151
Linear Regression,-1.167303430096525,-1.3652861409923491,0.1979827108958241
Linear Regression,-1.360849836872043,-1.5487187116643977,0.1878688747923547
Linear Regression,-0.6659482800153641,-0.7286895468021198,0.06274126678675573
Linear Regression,-0.3767946120615782,-0.12652858919921872,-0.2502660228623595
Linear Regression,-0.630970013730632,-0.2646517857591588,-0.3663182279714732
Linear Regression,-0.761555541193632,-0.4653627163115098,-0.2961928248821222
Linear Regression,-0.2741916976263639,0.21241477881487492,-0.48660647644123883
Linear Regression,-1.538073052714686,-1.8421765083920936,0.3041034556774076
Linear Regression,-0.3184975015870246,-0.12781913890211238,-0.19067836268491223
Linear Regression,-0.8011975763163285,-0.7988713645250461,-0.00232621179128234
Linear Regression,-1.1393208170687394,-1.2099774117569986,0.07065659468825913
Linear Regression,-1.1882903898673645,-1.2954878006969808,0.10719741082961631
Linear Regression,-0.0479989089850959,0.04832368770154072,-0.09632259668663662
Linear Regression,-1.4937672487540252,-1.7466004193808933,0.25283317062686805
Linear Regression,-0.5167076772005069,-0.7303421414392248,0.2136344642387179
Linear Regression,-0.4747337576588283,-0.5024514285359245,0.0277176708770962
Linear Regression,-1.4004918719947397,-1.5680059524366872,0.1675140804419475
Linear Regression,-1.521749861781811,-1.6444477906260517,0.12269792884424069
Linear Regression,-0.6123149383787748,-0.4511001629527691,-0.1612147754260057
Linear Regression,-1.0250584805386145,-1.0596847711492634,0.034626290610648924
Linear Regression,-1.0273903649575964,-1.0497660165054343,0.022375651547837938
Linear Regression,-0.1226192103925245,0.12776968504500408,-0.25038889543752857
Linear Regression,-1.3818367966428824,-1.4567967578480832,0.07495996120520076
Linear Regression,-0.4280960692791854,-0.45461700766135293,0.026520938382167514
Linear Regression,-0.6193105916357212,-0.44260769463174765,-0.17670289700397357
Linear Regression,-0.1669250143531852,0.08113115414629557,-0.24805616849948078
Linear Regression,-0.0246800647952744,0.36869685911826044,-0.39337692391353485
Linear Regression,-1.4284744850225253,-1.4549555214176526,0.026481036395127333
Linear Regression,-0.453746797887989,-0.39144086294453784,-0.06230593494345116
Linear Regression,-1.540404937133668,-1.6228000157730185,0.08239507863935036
Linear Regression,-0.7102540839760249,-0.4862389255493328,-0.22401515842669206
Linear Regression,-0.9457744102932214,-0.6525627284017977,-0.29321168189142366
Linear Regression,-0.6356337825685963,-0.33859389253619643,-0.29703989003239983
Linear Regression,0.2341591057117435,0.29546032585460313,-0.06130122014285963
Linear Regression,-1.1463164703256858,-1.0906509982484578,-0.05566547207722805
Linear Regression,-1.4541252136313287,-1.4294560227116753,-0.024669190919653472
Linear Regression,-0.1809163208670781,-0.12366864504870145,-0.05724767581837664
Linear Regression,-0.5446902902282926,-0.32658904029224956,-0.21810124993604307
Linear Regression,0.2481504122256363,0.3830513840208045,-0.13490097179516822
Linear Regression,-1.1906222742863466,-1.1300922447336186,-0.060530029552728015
Linear Regression,0.1968489550080292,0.487215874351669,-0.2903669193436398
Linear Regression,-0.8361758426010606,-0.6952679930982348,-0.14090784950282575
Linear Regression,-0.6752758176912927,-0.373109223838334,-0.30216659385295874
Linear Regression,-1.036717902633525,-0.5161943172665157,-0.5205235853670093
Linear Regression,-0.6776077021102749,-0.4158593953779708,-0.2617483067323041
Linear Regression,1.211218677265262,1.3159388990259844,-0.10472022176072238
Linear Regression,-0.1179554415545602,0.156156787604109,-0.2741122291586692
Linear Regression,0.6655577232234402,0.6912343202902245,-0.025676597066784268
Linear Regression,0.9640389288531546,1.0734959160202502,-0.10945698716709562
Linear Regression,0.2504822966446185,0.43105430787975685,-0.18057201123513833
Linear Regression,-1.1463164703256858,-0.9761836722337414,-0.17013279809194448
Linear Regression,-0.8268483049251321,-0.4470234989022852,-0.37982480602284685
Linear Regression,-0.8245164205061499,-0.7987943436977761,-0.025722076808373795
Linear Regression,1.8105129729436729,1.8304154899255853,-0.019902516981912477
Linear Regression,-0.0246800647952744,0.6898058262673832,-0.7144858910626576
Linear Regression,-0.4071091095083461,0.020313600957646116,-0.42742271046599223
Linear Regression,-0.7475642346797392,-0.22923994583433593,-0.5183242888454033
Linear Regression,0.985025888623994,1.5932406017119,-0.6082147130879061
Linear Regression,0.388063477364565,0.5548899330958175,-0.1668264557312525
Linear Regression,0.7028678739271544,0.9510401943840416,-0.2481723204568872
Linear Regression,-1.1952860431243109,-0.7731423227156531,-0.4221437204086578
Linear Regression,-0.95510194796915,-0.5718260726555096,-0.3832758753136405
Linear Regression,-0.1366105169064174,0.28668344761192266,-0.42329396451834006
Linear Regression,-1.3538541836150966,-0.3810631427517581,-0.9727910408633385
Linear Regression,-0.7312410437468642,-0.4645550582922018,-0.2666859854546624
Linear Regression,-0.1902438585430067,0.2021476451976154,-0.39239150374062215
Linear Regression,-0.8151888828302214,-0.7426181858115375,-0.0725706970186839
Linear Regression,-1.5124223241058825,-1.7730510727184392,0.2606287486125567
Linear Regression,-1.2722382289507217,-1.3725531136436337,0.10031488469291205
Linear Regression,-1.2838976510456324,-1.293364053717705,0.00946640267207255
Linear Regression,-1.4051556408327035,-1.5628539928590226,0.1576983520263191
Linear Regression,-1.0157309428626855,-0.9105283062072221,-0.10520263665546337
Linear Regression,-1.3585179524530608,-0.71932206695602,-0.6391958854970409
Linear Regression,-0.1482699390013281,-0.008392417876268876,-0.13987752112505922
Linear Regression,-1.398159987575757,-1.5591930379545622,0.1610330503788051
Linear Regression,-1.2069454652192215,-1.308973369908641,0.10202790468941947
Linear Regression,-1.5567281280665433,-1.7576321362352223,0.20090400816867904
Linear Regression,-0.3068380794921139,-0.024475322217118123,-0.28236275727499577
Linear Regression,-0.7149178528139891,-0.5816166833376493,-0.13330116947633985
Linear Regression,-1.2908933043025788,-1.406912013310564,0.11601870900798517
Linear Regression,-1.5170860929438468,-1.5722573011736642,0.05517120822981747
Linear Regression,-1.5147542085248646,-1.658098866849906,0.14334465832504129
Linear Regression,-1.258246922436829,-1.280402978455561,0.022156056018732162
Linear Regression,-0.7498961190987213,-0.5747629293567277,-0.17513318974199366
Linear Regression,-0.227554009246721,-0.09408328651974163,-0.13347072272697938
Linear Regression,-0.2858511197212746,0.06668312122531073,-0.3525342409465853
Linear Regression,-0.7895381542214177,-0.8634251165544782,0.07388696233306047
Linear Regression,-0.9597657168071144,-0.824397466921929,-0.13536824988518548
Linear Regression,-1.1859585054483823,-1.1560682933183024,-0.02989021213007992
Linear Regression,-1.472780288983186,-1.471038159407641,-0.0017421295755450927
Linear Regression,-0.5750047876750605,-0.42613161112236475,-0.14887317655269572
Linear Regression,0.1875214173321006,0.22387147277342034,-0.03635005544131975
Linear Regression,-1.0880193598511323,-1.0623101660041365,-0.02570919384699577
Linear Regression,-1.4657846357262396,-1.4846341876554974,0.018849551929257746
Linear Regression,-0.5400265213903284,-0.2509223867402707,-0.2891041346500577
Linear Regression,-1.1090063196219715,-0.5963875038447648,-0.5126188157772067
Linear Regression,-0.8618265712098643,-0.6975007433632248,-0.16432582784663952
Linear Regression,0.0452764677741898,0.2771305181333166,-0.23185405035912676
Decision Tree,-0.7498961190987213,-0.6268974268580438,-0.1229986922406775
Decision Tree,-0.7335729281658463,0.6403665273932204,-1.3739394555590667
Decision Tree,-0.4793975264967925,-0.3251221732318604,-0.15427535326493214
Decision Tree,-0.3744627276425961,-0.6268974268580438,0.25243469921544776
Decision Tree,-0.2998424262351675,-0.4518691766675099,0.15202675043234243
Decision Tree,0.5559591555312794,0.6403665273932204,-0.08440737186194103
Decision Tree,-0.7895381542214177,-0.03904423607666958,-0.7504939181447481
Decision Tree,-1.4797759422401324,-1.4210796803785453,-0.05869626186158716
Decision Tree,-1.0390497870525073,-0.03904423607666958,-1.0000055509758377
Decision Tree,0.1175648847626363,0.2677241847759301,-0.15015930001329378
Decision Tree,-1.2116092340571858,-1.0485161273724233,-0.1630931066847625
Decision Tree,-1.1626396612585608,-1.0485161273724233,-0.1141235338861375
Decision Tree,0.4696794320289401,0.6403665273932204,-0.17068709536428034
Decision Tree,-0.5773366720940426,-0.6919228814601374,0.11458620936609476
Decision Tree,-0.0689858687559352,0.2677241847759301,-0.3367100535318653
Decision Tree,0.5536272711122973,0.6697975130761351,-0.11617024196383785
Decision Tree,-1.4378020226984538,-1.4210796803785453,-0.016722342319908545
Decision Tree,-0.0689858687559352,-0.03904423607666958,-0.029941632679265612
Decision Tree,-0.3371525769388818,-0.2736087265216184,-0.0635438504172634
Decision Tree,0.6329113413576901,0.2677241847759301,0.36518715658176004
Decision Tree,1.115611416086994,1.5533317936519857,-0.4377203775649916
Decision Tree,-0.0549945622420423,0.13272213348602024,-0.18771669572806254
Decision Tree,1.0666418432883689,1.1473208801058312,-0.08067903681746236
Decision Tree,-1.4004918719947397,-1.4210796803785453,0.020587808383805584
Decision Tree,0.1315561912765291,-0.03904423607666958,0.1706004273531987
Decision Tree,-1.0903512442701144,-1.0485161273724233,-0.04183511689769115
Decision Tree,0.2038446082649756,0.2677241847759301,-0.06387957651095447
Decision Tree,0.6725533764803866,0.6403665273932204,0.03218684908716618
Decision Tree,-0.7592236567746499,-0.62114278653635,-0.13808087023829985
Decision Tree,-1.2885614198835966,-1.3181190776505192,0.02955765776692254
Decision Tree,-0.8874772998186679,-1.0485161273724233,0.16103882755375543
Decision Tree,0.7401780246308688,0.6403665273932204,0.09981149723764837
Decision Tree,1.5073679984759942,1.5533317936519857,-0.04596379517599147
Decision Tree,1.278843325415744,1.5533317936519857,-0.2744884682362416
Decision Tree,0.194517070589047,0.2677241847759301,-0.07320711418688308
Decision Tree,0.4416968190011543,0.2677241847759301,0.17397263422522424
Decision Tree,-1.2675744601127572,-1.3108040097261953,0.043229549613438056
Decision Tree,-0.5446902902282926,-0.5043820024144584,-0.04030828781383422
Decision Tree,-1.4774440578211503,-1.2424982537521085,-0.23494580406904175
Decision Tree,0.3041156382812078,0.6403665273932204,-0.3362508891120126
Decision Tree,-0.5330308681333819,-0.5043820024144584,-0.028648865718923444
Decision Tree,-0.7662193100315963,-0.832095044867842,0.06587573483624576
Decision Tree,-0.0736496375938995,-0.0951362868830921,0.021486649289192597
Decision Tree,-0.3931178029944532,-0.4518691766675099,0.05875137367305672
Decision Tree,-1.470448404564204,-1.4210796803785453,-0.04936872418565863
Decision Tree,0.6608939543854759,0.6403665273932204,0.020527426992255515
Decision Tree,0.4160460903923507,0.2677241847759301,0.1483219056164206
Decision Tree,-0.6869352397862034,-0.5974491752077635,-0.08948606457843988
Decision Tree,-0.082977175269828,-0.2736087265216184,0.19063155125179038
Decision Tree,-1.2069454652192215,-1.2424982537521085,0.035552788532887014
Decision Tree,0.0102982014894576,-0.03904423607666958,0.04934243756612718
Decision Tree,-1.2512512691798825,-1.2424982537521085,-0.008753015427773958
Decision Tree,-0.2858511197212746,-0.2736087265216184,-0.012242393199656199
Decision Tree,-0.614646822797757,-0.6268974268580438,0.012250604060286885
Decision Tree,0.3530852110798329,0.6403665273932204,-0.28728131631338755
Decision Tree,0.178193879656172,0.2677241847759301,-0.08953030511975807
Decision Tree,-1.5147542085248646,-1.4210796803785453,-0.09367452814631938
Decision Tree,-0.777878732126507,-0.5974491752077635,-0.18042955691874352
Decision Tree,1.1529215667907082,0.9431265893837225,0.20979497740698572
Decision Tree,-0.5143757927815248,-0.2736087265216184,-0.2407670662599064
Decision Tree,-0.1436061701633638,0.2677241847759301,-0.4113303549392939
Decision Tree,-0.6239743604736855,-0.6268974268580438,0.0029230663843583526
Decision Tree,0.7238548336979937,0.2677241847759301,0.4561306489220637
Decision Tree,-1.1626396612585608,-1.0485161273724233,-0.1141235338861375
Decision Tree,-1.4587889824692932,-1.4210796803785453,-0.037709302090747965
Decision Tree,0.2201677991978506,0.6403665273932204,-0.42019872819536985
Decision Tree,-0.8011975763163285,-0.6268974268580438,-0.17430014945828465
Decision Tree,0.5116533515706186,0.6403665273932204,-0.12871317582260178
Decision Tree,-1.0973468975270608,-1.0485161273724233,-0.04883077015463755
Decision Tree,-1.4587889824692932,-1.4210796803785453,-0.037709302090747965
Decision Tree,0.1665344575612613,0.6403665273932204,-0.47383206983195914
Decision Tree,-0.1506018234203102,-0.3251221732318604,0.17452034981155018
Decision Tree,-0.8035294607353106,-0.6268974268580438,-0.17663203387726678
Decision Tree,-0.2158945871518103,-0.2736087265216184,0.05771413936980807
Decision Tree,-0.194907627380971,-0.3251221732318604,0.13021454585088937
Decision Tree,-0.2811873508833103,-0.3267487849157306,0.0455614340324203
Decision Tree,-0.0270119492142566,-0.03904423607666958,0.012032286862412984
Decision Tree,0.5046576983136722,1.1473208801058312,-0.642663181792159
Decision Tree,-1.181294736610418,-1.4210796803785453,0.2397849437681272
Decision Tree,-0.8758178777237571,-1.0485161273724233,0.1726982496486662
Decision Tree,0.777488175334583,1.1473208801058312,-0.3698327047712482
Decision Tree,0.1432156133714399,-0.03904423607666958,0.18225984944810947
Decision Tree,0.2015127238459935,-0.03904423607666958,0.24055695992266307
Decision Tree,0.3833997085266007,0.6403665273932204,-0.2569668188666197
Decision Tree,-0.1296148636494709,0.6403665273932204,-0.7699813910426914
Decision Tree,-1.2885614198835966,-1.0485161273724233,-0.24004529251117335
Decision Tree,-1.1533121235826322,-0.8143338585432611,-0.3389782650393711
Decision Tree,0.6002649594919401,1.1473208801058312,-0.5470559206138911
Decision Tree,-0.9504381791311856,-0.8143338585432611,-0.13610432058792443
Decision Tree,0.388063477364565,1.5533317936519857,-1.1652683162874207
Decision Tree,-0.3558076522907389,-0.5043820024144584,0.1485743501237195
Decision Tree,-1.409819409670668,-1.2424982537521085,-0.16732115591855945
Decision Tree,-1.5777150878373825,-1.2424982537521085,-0.3352168340852739
Decision Tree,-0.4817294109157747,-0.3251221732318604,-0.15660723768391432
Decision Tree,-0.8245164205061499,-0.9142939706369625,0.08977755013081257
Decision Tree,0.2015127238459935,0.2677241847759301,-0.06621146092993657
Decision Tree,-0.5959917474458998,-0.4518691766675099,-0.14412257077838986
Decision Tree,-0.9830845609969358,-0.8143338585432611,-0.16875070245367463
Decision Tree,-0.2835192353022925,-0.5043820024144584,0.2208627671121659
Decision Tree,0.0242895080033505,0.6403665273932204,-0.6160770193898699
Decision Tree,-1.3468585303581502,-1.3181190776505192,-0.028739452707631008
Decision Tree,-0.1506018234203102,-0.3251221732318604,0.17452034981155018
Decision Tree,-1.538073052714686,-1.4210796803785453,-0.11699337233614071
Decision Tree,-0.6029874007028462,-0.5974491752077635,-0.005538225495082649
Decision Tree,-0.4957207174296676,-0.3251221732318604,-0.17059854419780723
Decision Tree,-0.9224555661034,-0.9862755607281743,0.06381999462477439
Decision Tree,-0.9201236816844178,-0.8143338585432611,-0.1057898231411567
Decision Tree,-0.4280960692791854,-0.3251221732318604,-0.10297389604732504
Decision Tree,-1.3375309926822216,-1.3181190776505192,-0.019411915031702476
Decision Tree,-0.7848743853834534,-0.832095044867842,0.04722065948438858
Decision Tree,-0.6286381293116499,-0.5974491752077635,-0.031188954103886335
Decision Tree,-0.502716370686614,-0.4518691766675099,-0.05084719401910409
Decision Tree,-1.5660556657424718,-1.4210796803785453,-0.14497598536392653
Decision Tree,-0.7872062698024356,-0.8143338585432611,0.027127588740825548
Decision Tree,0.2551460654825828,0.42039187499136293,-0.16524580950878015
Decision Tree,-0.5633453655801498,-0.4518691766675099,-0.11147618891263988
Decision Tree,-0.7592236567746499,-0.6919228814601374,-0.0673007753145125
Decision Tree,-0.7638874256126141,-0.832095044867842,0.06820761925522789
Decision Tree,-0.3394844613578639,-0.3251221732318604,-0.014362288126003542
Decision Tree,0.3810678241076186,0.6403665273932204,-0.25929870328560184
Decision Tree,-0.5913279786079355,-0.6268974268580438,0.035569448250108326
Decision Tree,-1.3002208419785073,-1.3181190776505192,0.017898235672011875
Decision Tree,-1.3958281031567752,-1.4210796803785453,0.025251577221770072
Decision Tree,-0.2975105418161853,-0.3251221732318604,0.027611631415675075
Decision Tree,-0.600655516283864,-0.4518691766675099,-0.14878633961635412
Decision Tree,-0.7545598879366856,-0.6919228814601374,-0.06263700647654824
Decision Tree,-0.4420873757930783,-0.6268974268580438,0.18481005106496556
Decision Tree,-0.859494686790882,-1.399714577188412,0.54021989039753
Decision Tree,0.0615996587070648,0.6403665273932204,-0.5787668686861556
Decision Tree,-1.360849836872043,-1.3181190776505192,-0.042730759221523806
Decision Tree,-1.3515222991961144,-1.3181190776505192,-0.033403221545595274
Decision Tree,-0.728909159327882,-0.4518691766675099,-0.2770399826603721
Decision Tree,-0.5540178279042212,-0.3251221732318604,-0.22889565467236078
Decision Tree,-0.630970013730632,-0.3251221732318604,-0.3058478404987716
Decision Tree,-0.2345496625036674,-0.3251221732318604,0.09057251072819297
Decision Tree,-1.0064034051867572,-1.3181190776505192,0.311715672463762
Decision Tree,-1.3841686810618643,-1.3181190776505192,-0.06604960341134514
Decision Tree,0.2411547589686899,0.6403665273932204,-0.39921176842453054
Decision Tree,-0.6496250890824891,-0.6919228814601374,0.0422977923776483
Decision Tree,0.0779228496399398,0.13886088945647318,-0.06093803981653338
Decision Tree,-0.6333018981496141,-0.3251221732318604,-0.30817972491775375
Decision Tree,0.1082373470867077,0.2677241847759301,-0.1594868376892224
Decision Tree,-0.5237033304574533,-0.8143338585432611,0.2906305280858078
Decision Tree,-0.6659482800153641,-0.6919228814601374,0.02597460144477326
Decision Tree,-1.1416527014877216,-1.3108040097261953,0.16915130823847369
Decision Tree,-0.6496250890824891,-0.4518691766675099,-0.19775591241497914
Decision Tree,-1.4797759422401324,-1.3181190776505192,-0.16165686458961326
Decision Tree,-1.0133990584437036,-0.8143338585432611,-0.19906519990044247
Decision Tree,-0.7498961190987213,-0.832095044867842,0.08219892576912069
Decision Tree,-1.4774440578211503,-1.2424982537521085,-0.23494580406904175
Decision Tree,-0.8921410686566321,-0.8143338585432611,-0.077807210113371
Decision Tree,-0.3021743106541496,-0.5043820024144584,0.20220769176030878
Decision Tree,-0.6402975514065605,-0.03904423607666958,-0.6012533153298909
Decision Tree,-0.066653984336953,0.2677241847759301,-0.3343781691128831
Decision Tree,-1.3491904147771323,-1.4210796803785453,0.07188926560141295
Decision Tree,-0.9364468726172928,-0.8536649757434265,-0.08278189687386628
Decision Tree,-1.1253295105548464,-0.9862755607281743,-0.13905394982667207
Decision Tree,-1.4960991331730074,-1.4210796803785453,-0.0750194527944621
Decision Tree,-0.761555541193632,-0.7090881417665339,-0.052467399427098105
Decision Tree,-0.8968048374945964,-0.832095044867842,-0.06470979262675436
Decision Tree,-1.2209367717331143,-1.2424982537521085,0.021561482018994216
Decision Tree,-0.9131280284274714,-0.8143338585432611,-0.0987941698842103
Decision Tree,-0.9411106414552572,-1.2424982537521085,0.3013876122968513
Decision Tree,0.0522721210311362,-0.03904423607666958,0.09131635710780578
Decision Tree,-0.6729439332723105,-0.8143338585432611,0.14138992527095062
Decision Tree,-0.6053192851218284,-0.8143338585432611,0.2090145734214327
Decision Tree,-0.5283670992954176,-1.2424982537521085,0.714131154456691
Decision Tree,-1.4867715954970788,-1.4210796803785453,-0.06569191511853356
Decision Tree,-0.388454034156489,-0.8995336384104266,0.5110796042539376
Decision Tree,-1.3958281031567752,-1.3181190776505192,-0.07770902550625602
Decision Tree,-0.8478352646959714,-0.8143338585432611,-0.033501406152710245
Decision Tree,-0.3651351899666675,-0.3251221732318604,-0.040013016734807116
Decision Tree,-1.4774440578211503,-1.4210796803785453,-0.05636437744260503
Decision Tree,-0.8921410686566321,-0.8143338585432611,-0.077807210113371
Decision Tree,-0.470069988820864,-0.8143338585432611,0.34426386972239714
Decision Tree,-0.7732149632885428,-0.8143338585432611,0.041118895254718346
Decision Tree,0.1595388043043148,0.2677241847759301,-0.10818538047161527
Decision Tree,-1.3888324498998288,-1.3181190776505192,-0.07071337224930963
Decision Tree,-0.0316757180522209,-0.03904423607666958,0.007368518024448684
Decision Tree,-0.9271193349413642,-1.3181190776505192,0.39099974270915494
Decision Tree,-1.5007629020109716,-1.4210796803785453,-0.07968322163242636
Decision Tree,-0.728909159327882,-0.8143338585432611,0.0854246992153791
Decision Tree,0.4836707385428329,0.2677241847759301,0.2159465537669028
Decision Tree,-0.470069988820864,-0.8143338585432611,0.34426386972239714
Decision Tree,-0.2158945871518103,-0.6919228814601374,0.47602829430832705
Decision Tree,-0.582000440932007,-0.8143338585432611,0.23233341761125414
Decision Tree,0.3320982513089935,0.2677241847759301,0.06437406653306343
Decision Tree,-0.4001134562513997,-0.3267487849157306,-0.0733646713356691
Decision Tree,-1.4144831785086325,-1.4210796803785453,0.006596501869912785
Decision Tree,0.548963502274333,0.2677241847759301,0.2812393174984029
Decision Tree,0.3787359396886364,0.13272213348602024,0.24601380620261615
Decision Tree,-0.1389424013253995,-0.3251221732318604,0.18617977190646087
Decision Tree,-0.8781497621427392,-0.8143338585432611,-0.06381590359947809
Decision Tree,-0.3021743106541496,-0.3267487849157306,0.024574474261580992
Decision Tree,0.6678896076424223,0.2677241847759301,0.40016542286649226
Decision Tree,0.5396359645984043,0.6697975130761351,-0.13016154847773076
Decision Tree,0.0592677742880827,0.13272213348602024,-0.07345435919793755
Decision Tree,-1.0437135558904715,-1.089503286299575,0.0457897304091035
Decision Tree,-0.2019032806379174,-0.0951362868830921,-0.1067669937548253
Decision Tree,-0.9224555661034,-0.8143338585432611,-0.10812170756013884
Decision Tree,0.8824229741887796,0.2677241847759301,0.6146987894128495
Decision Tree,-1.3048846108164716,-1.3181190776505192,0.013234466834047609
Decision Tree,-0.6333018981496141,-0.62114278653635,-0.012159111613264106
Decision Tree,-1.4168150629276146,-1.2424982537521085,-0.17431680917550607
Decision Tree,0.4090504371354043,0.2677241847759301,0.1413262523594742
Decision Tree,-0.1762525520291138,-0.03904423607666958,-0.1372083159524442
Decision Tree,-0.9061323751705248,-0.8143338585432611,-0.09179851662726368
Decision Tree,-0.4350917225361319,0.2677241847759301,-0.7028159073120619
Decision Tree,-1.4121512940896503,-1.3181190776505192,-0.09403221643913118
Decision Tree,-0.1715887831911495,-0.0951362868830921,-0.07645249630805741
Decision Tree,-0.4117728783463104,-1.089503286299575,0.6777304079532647
Decision Tree,-1.5310773994577396,-1.3181190776505192,-0.2129583218072204
Decision Tree,-0.0759815220128816,-0.2736087265216184,0.19762720450873678
Decision Tree,-0.4164366471842747,-0.4518691766675099,0.03543252948323522
Decision Tree,-1.6430078515688824,-0.6919228814601374,-0.951084970108745
Decision Tree,-1.4587889824692932,-1.4210796803785453,-0.037709302090747965
Decision Tree,0.486002622961815,0.2677241847759301,0.21827843818588494
Decision Tree,0.0872503873158684,-0.03904423607666958,0.126294623392538
Decision Tree,-1.1556440080016144,-1.4210796803785453,0.2654356723769309
Decision Tree,-0.388454034156489,-0.4518691766675099,0.06341514251102093
Decision Tree,0.8591041299989581,0.2677241847759301,0.5913799452230281
Decision Tree,0.2971199850242614,0.2677241847759301,0.029395800248331327
Decision Tree,-0.3534757678717568,-0.4518691766675099,0.09839340879575315
Decision Tree,-0.486393179753739,-0.3251221732318604,-0.16127100652187865
Decision Tree,-1.4168150629276146,-1.4210796803785453,0.004264617450930652
Decision Tree,-1.5474005903906145,-0.8729030222000294,-0.6744975681905852
Decision Tree,-1.4774440578211503,-1.4210796803785453,-0.05636437744260503
Decision Tree,0.9756983509480652,0.2677241847759301,0.7079741661721352
Decision Tree,-0.0479989089850959,-0.03904423607666958,-0.008954672908426317
Decision Tree,-0.4304279536981675,-0.3251221732318604,-0.10530578046630712
Decision Tree,0.2738011408344399,0.2677241847759301,0.00607695605850983
Decision Tree,-0.6939308930431498,-0.8729030222000294,0.17897212915687954
Decision Tree,-1.1696353145155072,-1.0485161273724233,-0.1211191871430839
Decision Tree,-0.1855800897050424,-0.2736087265216184,0.088028636816576
Decision Tree,0.6329113413576901,0.2677241847759301,0.36518715658176004
Decision Tree,-1.2489193847609,-1.0485161273724233,-0.20040325738847664
Decision Tree,0.2294953368737792,0.2677241847759301,-0.038228847902150864
Decision Tree,0.0429445833552076,-0.03904423607666958,0.08198881943187719
Decision Tree,1.1202751849249584,0.9431265893837225,0.17714859554123585
Decision Tree,-0.6193105916357212,-0.8143338585432611,0.1950232669075399
Decision Tree,-1.2372599626659897,-1.4210796803785453,0.18381971771255556
Decision Tree,0.0779228496399398,-0.03904423607666958,0.11696708571660938
Decision Tree,0.7051997583461366,0.2677241847759301,0.4374755735702065
Decision Tree,1.857150661323316,1.6710371361333036,0.18611352519001234
Decision Tree,1.309157822862512,0.9431265893837225,0.3660312334787895
Decision Tree,0.0242895080033505,0.13272213348602024,-0.10843262548266974
Decision Tree,-0.8291801893441142,-1.0485161273724233,0.21933593802830909
Decision Tree,-1.3212078017493467,-1.0485161273724233,-0.27269167437692343
Decision Tree,0.4929982762187615,0.2677241847759301,0.22527409144283145
Decision Tree,1.4257520438116191,0.9431265893837225,0.4826254544278966
Decision Tree,0.6538983011285294,0.9431265893837225,-0.2892282882551931
Decision Tree,-0.0596583310800066,0.2677241847759301,-0.3273825158559367
Decision Tree,-1.0716961689182571,-1.3181190776505192,0.24642290873226202
Decision Tree,0.8311215169711724,0.9431265893837225,-0.11200507241255009
Decision Tree,1.3348085514713155,0.9431265893837225,0.391681962087593
Decision Tree,-0.728909159327882,-0.8143338585432611,0.0854246992153791
Decision Tree,1.812844857362655,1.6710371361333036,0.14180772122935137
Decision Tree,-0.7032584307190785,-0.7090881417665339,0.005829711047455444
Decision Tree,-0.6333018981496141,-0.7090881417665339,0.07578624361691977
Decision Tree,-0.502716370686614,-0.5043820024144584,0.0016656317278443966
Decision Tree,-0.0853090596888102,0.2677241847759301,-0.35303324446474027
Decision Tree,0.0732590808019755,0.2677241847759301,-0.19446510397395456
Decision Tree,-0.4747337576588283,-0.5043820024144584,0.029648244755630104
Decision Tree,-1.409819409670668,-1.3108040097261953,-0.09901539994447273
Decision Tree,-0.8991367219135785,-0.8143338585432611,-0.0848028633703174
Decision Tree,-1.4517933292123466,-1.2424982537521085,-0.20929507546023807
Decision Tree,0.2528141810636006,-0.03904423607666958,0.29185841714027017
Decision Tree,-0.1039641350406673,-0.0951362868830921,-0.008827848157575202
Decision Tree,-0.6589526267584177,-0.3251221732318604,-0.3338304535265573
Decision Tree,-0.4024453406703818,-0.4518691766675099,0.04942383599712813
Decision Tree,-0.924787450522382,-1.089503286299575,0.16471583577719306
Decision Tree,-0.7918700386404,-0.5974491752077635,-0.19442086343263643
Decision Tree,-1.4214788317655789,-1.3181190776505192,-0.10335975411505971
Decision Tree,-1.4541252136313287,-1.4210796803785453,-0.03304553325278348
Decision Tree,-1.5030947864299538,-1.4210796803785453,-0.08201510605140849
Decision Tree,-0.938778757036275,-1.089503286299575,0.15072452926330004
Decision Tree,0.486002622961815,0.6403665273932204,-0.1543639044314054
Decision Tree,-1.3795049122239005,-1.4210796803785453,0.04157476815464478
Decision Tree,0.0336170456792791,-0.03904423607666958,0.07266128175594869
Decision Tree,-0.4117728783463104,-0.4518691766675099,0.04009629832119954
Decision Tree,-0.7568917723556677,-0.6268974268580438,-0.1299943454976239
Decision Tree,-0.8081932295732749,-0.6268974268580438,-0.18129580271523105
Decision Tree,0.0755909652209577,0.2677241847759301,-0.19213321955497237
Decision Tree,-1.442465791536418,-1.4210796803785453,-0.02138611115787281
Decision Tree,-0.6402975514065605,-0.5974491752077635,-0.042848376198797
Decision Tree,-0.7032584307190785,-0.5974491752077635,-0.10580925551131493
Decision Tree,-0.3138337327490603,-0.4518691766675099,0.13803544391844963
Decision Tree,-1.5147542085248646,-1.3181190776505192,-0.19663513087434548
Decision Tree,0.1921851861700649,0.6403665273932204,-0.44818134122315556
Decision Tree,-0.8501671491149535,-0.8143338585432611,-0.03583329057169238
Decision Tree,-0.2205583559897746,-0.2736087265216184,0.05305037053184378
Decision Tree,-0.3931178029944532,-0.2736087265216184,-0.11950907647283482
Decision Tree,-0.3674670743856497,-0.3251221732318604,-0.042344901153789305
Decision Tree,-1.491435364335043,-1.4210796803785453,-0.07035568395649783
Decision Tree,0.161870688723297,0.6403665273932204,-0.4784958386699234
Decision Tree,-0.6472932046635069,-0.8143338585432611,0.1670406538797542
Decision Tree,-1.2978889575595252,-1.4210796803785453,0.1231907228190201
Decision Tree,0.2947881006052792,1.1473208801058312,-0.852532779500552
Decision Tree,-0.0946365973647388,-0.3251221732318604,0.2304855758671216
Decision Tree,0.6702214920614045,1.1473208801058312,-0.47709938804442675
Decision Tree,-0.2881830041402567,-0.3251221732318604,0.03693916909160366
Decision Tree,-0.2205583559897746,-0.3251221732318604,0.10456381724208577
Decision Tree,-0.8128569984112392,-0.6919228814601374,-0.12093411695110179
Decision Tree,-1.2372599626659897,-1.3181190776505192,0.08085911498452947
Decision Tree,-1.3865005654808469,-1.4210796803785453,0.03457911489769838
Decision Tree,0.3320982513089935,1.1473208801058312,-0.8152226287968377
Decision Tree,-1.2745701133697038,-1.3181190776505192,0.04354896428081534
Decision Tree,0.4906663917997793,1.1613346399886046,-0.6706682481888253
Decision Tree,0.0242895080033505,-0.03904423607666958,0.06333374408002009
Decision Tree,-0.9481062947122036,-0.8143338585432611,-0.13377243616894252
Decision Tree,0.2598098343205471,0.6718169919270238,-0.4120071576064767
Decision Tree,-0.1272829792304888,-0.3251221732318604,0.19783919400137157
Decision Tree,-0.6822714709482391,-0.3251221732318604,-0.35714929771637877
Decision Tree,-0.9970758675108286,-1.0485161273724233,0.05144025986159473
Decision Tree,-0.614646822797757,-0.6268974268580438,0.012250604060286885
Decision Tree,-0.9597657168071144,-0.9862755607281743,0.026509843921059928
Decision Tree,-0.3138337327490603,0.2677241847759301,-0.5815579175249903
Decision Tree,-1.4308063694415074,-1.3108040097261953,-0.12000235971531215
Decision Tree,-0.4257641848602033,0.2677241847759301,-0.6934883696361334
Decision Tree,-0.7312410437468642,-0.7090881417665339,-0.022152901980330264
Decision Tree,-1.407487525251686,-1.2424982537521085,-0.16498927149957754
Decision Tree,-1.0600367468233465,-0.8143338585432611,-0.24570288828008535
Decision Tree,-0.5866642097699712,-0.6268974268580438,0.04023321708807259
Decision Tree,-0.7825425009644713,-0.5974491752077635,-0.18509332575670778
Decision Tree,-0.8478352646959714,-1.2424982537521085,0.39466298905613717
Decision Tree,-0.0549945622420423,-0.3251221732318604,0.2701276109898181
Decision Tree,-0.470069988820864,-0.2736087265216184,-0.1964612622992456
Decision Tree,-1.374841143385936,-1.4210796803785453,0.04623853699260927
Decision Tree,-1.4937672487540252,-1.3181190776505192,-0.17564817110350606
Decision Tree,-0.1342786324874352,-0.2736087265216184,0.13933009403418317
Decision Tree,0.355417095498815,0.6403665273932204,-0.2849494318944054
Decision Tree,-0.3161656171680425,-0.4518691766675099,0.13570355949946744
Decision Tree,-1.279233882207668,-1.3181190776505192,0.03888519544285107
Decision Tree,0.6399069946146366,0.6697975130761351,-0.029890518461498483
Decision Tree,-0.3767946120615782,-0.2736087265216184,-0.10318588553995983
Decision Tree,-1.4354701382794717,-1.4210796803785453,-0.014390457900926412
Decision Tree,-0.5959917474458998,-0.5974491752077635,0.00145742776186375
Decision Tree,-1.6290165450549896,-0.6919228814601374,-0.9370936635948522
Decision Tree,0.2621417187395292,0.2677241847759301,-0.0055824660364008905
Decision Tree,-1.1579758924205965,-1.0485161273724233,-0.10945976504817323
Decision Tree,-0.3488119990337925,-0.2736087265216184,-0.07520327251217412
Decision Tree,-1.5264136306197753,-1.4210796803785453,-0.10533395024123005
Decision Tree,-0.0969684817837209,-0.03904423607666958,-0.05792424570705132
Decision Tree,-0.6542888579204534,-0.8729030222000294,0.21861416427957592
Decision Tree,0.6888765674132616,0.9431265893837225,-0.25425002197046087
Decision Tree,-0.3581395367097211,-0.4518691766675099,0.09372963995778882
Decision Tree,1.376782471012994,0.9431265893837225,0.4336558816292714
Decision Tree,-1.136988932649757,-1.0485161273724233,-0.08847280527733381
Decision Tree,-1.3865005654808469,-1.4210796803785453,0.03457911489769838
Decision Tree,-0.1226192103925245,-0.3251221732318604,0.2025029628393359
Decision Tree,-0.3371525769388818,-0.2736087265216184,-0.0635438504172634
Decision Tree,-0.1366105169064174,-0.03904423607666958,-0.09756628082974782
Decision Tree,0.420709859230315,0.2677241847759301,0.15298567445438493
Decision Tree,-0.4280960692791854,-0.6919228814601374,0.26382681218095194
Decision Tree,1.5656651089505478,0.6403665273932204,0.9252985815573274
Decision Tree,-0.8618265712098643,-1.0485161273724233,0.186689556162559
Decision Tree,-1.178962852191436,-1.3181190776505192,0.13915622545908324
Decision Tree,0.5676185776261902,0.9431265893837225,-0.37550801175753235
Decision Tree,0.1642025731422791,-0.03904423607666958,0.20324680921894867
Decision Tree,-0.2881830041402567,-0.3267487849157306,0.0385657807754739
Decision Tree,0.0499402366121541,-0.03904423607666958,0.08898447268882367
Decision Tree,0.4836707385428329,0.13886088945647318,0.3448098490863597
Decision Tree,-0.8944729530756143,-0.8143338585432611,-0.08013909453235313
Decision Tree,-0.9014686063325608,-0.8143338585432611,-0.08713474778929964
Decision Tree,0.2924562161862971,0.2677241847759301,0.024732031410367006
Decision Tree,-0.3418163457768461,-0.3685164223741916,0.026700076597345468
Decision Tree,-1.1346570482307752,-1.0485161273724233,-0.0861409208583519
Decision Tree,0.9127374716355474,0.9431265893837225,-0.0303891177481751
Decision Tree,0.4300373969062436,0.2677241847759301,0.16231321213031352
Decision Tree,0.8847548586077617,0.2677241847759301,0.6170306738318316
Decision Tree,-1.3585179524530608,-1.3108040097261953,-0.04771394272686558
Decision Tree,0.2341591057117435,0.2677241847759301,-0.03356507906418657
Decision Tree,-0.1739206676101317,-0.3685164223741916,0.19459575476405988
Decision Tree,-1.4494614447933645,-1.2424982537521085,-0.20696319104125593
Decision Tree,-0.8198526516681857,-0.8143338585432611,-0.005518793124924537
Decision Tree,-0.3907859185754711,-0.3685164223741916,-0.02226949620127955
Decision Tree,-0.2788554664643282,-0.2736087265216184,-0.005246739942709799
Decision Tree,-0.761555541193632,-0.9142939706369625,0.1527384294433305
Decision Tree,-0.7662193100315963,-0.8143338585432611,0.048114548511664856
Decision Tree,0.2994518694432435,-0.03904423607666958,0.33849610551991305
Decision Tree,-1.3865005654808469,-1.4210796803785453,0.03457911489769838
Decision Tree,-1.391164334318811,-1.3181190776505192,-0.07304525666829176
Decision Tree,0.3507533266608507,0.2677241847759301,0.08302914188492061
Decision Tree,-0.8221845360871678,-0.6268974268580438,-0.19528710922912396
Decision Tree,-0.2019032806379174,-0.3251221732318604,0.12321889259394297
Decision Tree,-0.4117728783463104,-0.4518691766675099,0.04009629832119954
Decision Tree,-1.5124223241058825,-1.3181190776505192,-0.19430324645536334
Decision Tree,0.0312851612602969,0.6403665273932204,-0.6090813661329235
Decision Tree,0.8124664416193152,0.2677241847759301,0.5447422568433852
Decision Tree,-0.4304279536981675,-0.4518691766675099,0.02144122296934242
Decision Tree,-0.486393179753739,-0.4518691766675099,-0.034524003086229105
Decision Tree,-0.8781497621427392,-1.089503286299575,0.21135352415683584
Decision Tree,-1.3212078017493467,-1.3181190776505192,-0.0030887240988275444
Decision Tree,-0.5773366720940426,-0.4518691766675099,-0.12546749542653268
Decision Tree,-1.4378020226984538,-1.4210796803785453,-0.016722342319908545
Decision Tree,-0.3464801146148104,-0.2736087265216184,-0.07287138809319199
Decision Tree,-0.9107961440084892,-0.8143338585432611,-0.09646228546522806
Decision Tree,-0.4980526018486497,-0.4518691766675099,-0.04618342518113977
Decision Tree,-0.6402975514065605,-0.4518691766675099,-0.1884283747390506
Decision Tree,0.2085083771029399,0.2677241847759301,-0.05921580767299017
Decision Tree,-1.0856874754321502,-1.3181190776505192,0.232431602218369
Decision Tree,0.3694084020127078,0.6403665273932204,-0.2709581253805126
Decision Tree,0.7075316427651187,0.2677241847759301,0.43980745798918863
Decision Tree,0.2738011408344399,-0.03904423607666958,0.3128453769111095
Decision Tree,-1.022726596119632,-1.0485161273724233,0.025789531252791376
Decision Tree,-0.5750047876750605,-0.8143338585432611,0.23932907086820066
Decision Tree,-1.342194761520186,-1.4210796803785453,0.07888491885835935
Decision Tree,0.8474447079040474,1.1473208801058312,-0.29987617220178386
Decision Tree,-0.0619902154989887,-0.03904423607666958,-0.022945979422319115
Decision Tree,-0.2835192353022925,-0.2736087265216184,-0.009910508780674121
Decision Tree,0.5722823464641544,0.2677241847759301,0.30455816168822436
Decision Tree,1.7102419429274407,0.6403665273932204,1.0698754155342203
Decision Tree,-0.8128569984112392,-1.0485161273724233,0.23565912896118413
Decision Tree,-1.2116092340571858,-1.3181190776505192,0.10650984359333338
Decision Tree,0.8241258637142259,0.6697975130761351,0.1543283506380908
Decision Tree,1.6076390284922264,1.5533317936519857,0.05430723484024069
Decision Tree,0.8917505118647081,0.2677241847759301,0.624026327088778
Decision Tree,-0.3791264964805604,-0.3267487849157306,-0.05237771156482979
Decision Tree,-1.1253295105548464,-1.0485161273724233,-0.07681338318242315
Decision Tree,1.952757922501584,1.6710371361333036,0.28172078636828046
Decision Tree,-0.4840612953347569,-0.3267487849157306,-0.15731251041902627
Decision Tree,0.0709271963829934,0.2677241847759301,-0.1967969883929367
Decision Tree,0.5606229243692437,0.2677241847759301,0.2928987395933136
Decision Tree,0.9663708132721368,0.2677241847759301,0.6986466284962067
Decision Tree,-0.8011975763163285,-0.8143338585432611,0.013136282226932638
Decision Tree,1.001349079556869,0.6403665273932204,0.3609825521636485
Decision Tree,-1.4051556408327035,-1.2424982537521085,-0.16265738708059496
Decision Tree,-0.95510194796915,-0.8143338585432611,-0.14076808942588892
Decision Tree,-1.3841686810618643,-1.3108040097261953,-0.07336467133566904
Decision Tree,0.5163171204085829,0.2677241847759301,0.24859293563265283
Decision Tree,0.1898533017510827,0.2677241847759301,-0.07787088302484738
Decision Tree,-0.728909159327882,-0.9142939706369625,0.18538481130908047
Decision Tree,-0.276523582045346,-0.0951362868830921,-0.18138729516225388
Decision Tree,-0.6846033553672213,-0.5043820024144584,-0.18022135295276287
Decision Tree,-1.3561860680340787,-1.3181190776505192,-0.03806699038355954
Decision Tree,0.1968489550080292,0.2677241847759301,-0.07087522976790087
Decision Tree,-1.363181721291025,-1.3181190776505192,-0.04506264364050594
Decision Tree,-0.7195816216519534,-0.6919228814601374,-0.027658740191816023
Decision Tree,-0.2858511197212746,-0.03904423607666958,-0.246806883644605
Decision Tree,-0.1692568987721674,-0.2736087265216184,0.10435182774945098
Decision Tree,-0.6356337825685963,-0.4518691766675099,-0.18376460590108634
Decision Tree,0.5932693062349937,0.2677241847759301,0.32554512145906367
Decision Tree,0.2178359147788685,0.2677241847759301,-0.049888269997061585
Decision Tree,0.145547497790422,0.6403665273932204,-0.49481902960279844
Decision Tree,-1.4541252136313287,-1.3181190776505192,-0.13600613598080957
Decision Tree,-0.5400265213903284,-0.4518691766675099,-0.08815734472281844
Decision Tree,-0.292846772978221,-0.4518691766675099,0.15902240368928894
Decision Tree,-0.4117728783463104,-0.4518691766675099,0.04009629832119954
Decision Tree,-1.2535831535988644,-1.3181190776505192,0.06453592405165476
Decision Tree,-0.7522280035177035,-0.8143338585432611,0.062105855025557655
Decision Tree,-1.4657846357262396,-1.4210796803785453,-0.044704955347694364
Decision Tree,-1.246587500341918,-1.0485161273724233,-0.19807137296949473
Decision Tree,-0.5843323253509891,-0.4518691766675099,-0.1324631486834792
Decision Tree,0.679549029737333,0.2677241847759301,0.4118248449614029
Decision Tree,0.8381171702281188,0.2677241847759301,0.5703929854521887
Decision Tree,-0.6076511695408106,-0.6268974268580438,0.019246257317233284
Decision Tree,-0.5330308681333819,-0.8143338585432611,0.28130299040987927
Decision Tree,-0.2671960443694174,-0.2736087265216184,0.006412682152200977
Decision Tree,0.9174012404735116,0.9431265893837225,-0.025725348910210943
Decision Tree,0.6865446829942795,0.6403665273932204,0.04617815560105909
Decision Tree,0.0662634275450291,-0.03904423607666958,0.10530766362169869
Decision Tree,-0.0153525271193459,-0.3251221732318604,0.30976964611251445
Decision Tree,-0.3184975015870246,-0.2736087265216184,-0.04488877506540623
Decision Tree,-1.398159987575757,-1.4210796803785453,0.02291969280278816
Decision Tree,-1.1253295105548464,-1.0485161273724233,-0.07681338318242315
Decision Tree,-0.7195816216519534,-0.6268974268580438,-0.09268419479390955
Decision Tree,-1.244255615922936,-1.3181190776505192,0.07386346172758307
Decision Tree,-0.1436061701633638,0.13272213348602024,-0.27632830364938404
Decision Tree,1.4327476970685655,1.5533317936519857,-0.12058409658342018
Decision Tree,0.9990171951378868,0.6403665273932204,0.35865066774466636
Decision Tree,0.4929982762187615,0.6403665273932204,-0.1473682511744589
Decision Tree,0.4486924722581007,0.13886088945647318,0.30983158280162754
Decision Tree,-0.7055903151380606,-1.0485161273724233,0.3429258122343627
Decision Tree,1.3487998579852083,1.5533317936519857,-0.2045319356667774
Decision Tree,1.8314999327145125,1.8330107310704726,-0.0015107983559601301
Decision Tree,1.2228780993601729,0.9431265893837225,0.2797515099764504
Decision Tree,0.8917505118647081,0.9431265893837225,-0.05137607751901441
Decision Tree,1.9061202341219408,1.6710371361333036,0.23508309798863714
Decision Tree,-1.164971545677543,-1.0485161273724233,-0.11645541830511963
Decision Tree,-0.614646822797757,-0.6268974268580438,0.012250604060286885
Decision Tree,0.2085083771029399,0.2677241847759301,-0.05921580767299017
Decision Tree,-0.6426294358255427,-0.8143338585432611,0.17170442271771846
Decision Tree,0.6935403362512259,0.2677241847759301,0.42581615147529583
Decision Tree,-0.1995713962189353,0.2677241847759301,-0.46729558099486534
Decision Tree,-0.260200391112471,0.2677241847759301,-0.527924575888401
Decision Tree,0.8334534013901546,0.9431265893837225,-0.10967318799356796
Decision Tree,-0.5540178279042212,-0.4518691766675099,-0.10214865123671124
Decision Tree,0.2691373719964757,0.2677241847759301,0.0014131872205456197
Decision Tree,-1.3351991082632395,-1.2424982537521085,-0.09270085451113097
Decision Tree,-1.1066744352029894,-1.089503286299575,-0.017171148903414313
Decision Tree,-0.2158945871518103,-0.03904423607666958,-0.17685035107514074
Decision Tree,1.101620109573101,1.6710371361333036,-0.5694170265602025
Decision Tree,0.6912084518322438,0.6697975130761351,0.021410938756108666
Decision Tree,0.1175648847626363,0.2677241847759301,-0.15015930001329378
Decision Tree,1.3814462398509584,1.6710371361333036,-0.28959089628234524
Decision Tree,-1.2325961938280252,-1.3181190776505192,0.08552288382249396
Decision Tree,1.0759693809642976,0.6697975130761351,0.4061718678881625
Decision Tree,-1.004071520767775,-1.2424982537521085,0.23842673298433348
Decision Tree,-0.0386713713091673,-0.0951362868830921,0.0564649155739248
Decision Tree,-1.3538541836150966,-1.2424982537521085,-0.11135592986298803
Decision Tree,-0.2951786573972032,-0.5043820024144584,0.20920334501725518
Decision Tree,0.6422388790336188,0.2677241847759301,0.3745146942576887
Decision Tree,-1.2815657666266502,-1.3108040097261953,0.029238243099545036
Decision Tree,-0.8548309179529178,-0.832095044867842,-0.022735873085075742
Decision Tree,-0.1529337078392924,0.2677241847759301,-0.42065789261522246
Decision Tree,0.5023258138946901,0.2677241847759301,0.23460162911876004
Decision Tree,-1.4004918719947397,-1.3181190776505192,-0.08237279434422051
Decision Tree,-0.3837902653185246,-0.2736087265216184,-0.11018153879690623
Decision Tree,-0.4560786823069711,-0.2736087265216184,-0.1824699557853527
Decision Tree,0.7215229492790116,0.9431265893837225,-0.2216036401047109
Decision Tree,0.4323692813252257,0.6403665273932204,-0.20799724606799475
Decision Tree,-1.342194761520186,-1.0485161273724233,-0.29367863414776263
Decision Tree,-0.6776077021102749,-0.832095044867842,0.15448734275756715
Decision Tree,-0.2322177780846853,0.2677241847759301,-0.4999419628606154
Decision Tree,0.2294953368737792,0.6403665273932204,-0.4108711905194412
Decision Tree,-0.777878732126507,-0.6268974268580438,-0.1509813052684632
Decision Tree,-0.1599293610962388,-0.2736087265216184,0.1136793654253796
Decision Tree,1.068973727707351,1.6710371361333036,-0.6020634084259526
Decision Tree,0.0079663170704755,-0.03904423607666958,0.047010553147145084
Decision Tree,-1.2815657666266502,-1.3181190776505192,0.03655331102386894
Decision Tree,0.0266213924223326,-0.03904423607666958,0.06566562849900218
Decision Tree,-1.1766309677724536,-1.1962187968919038,0.01958782911945023
Decision Tree,1.76387528456403,1.5533317936519857,0.21054349091204427
Decision Tree,-0.7079221995570427,-1.0485161273724233,0.34059392781538056
Decision Tree,0.6538983011285294,0.6403665273932204,0.013531773735309005
Decision Tree,0.5862736529780472,0.13886088945647318,0.44741276352157405
Decision Tree,0.4463605878391186,0.6403665273932204,-0.19400593955410184
Decision Tree,-1.069364284499275,-1.0485161273724233,-0.02084815712685173
Decision Tree,-0.2555366222745067,-0.4518691766675099,0.19633255439300323
Decision Tree,1.2392012902930476,1.1473208801058312,0.09188041018721638
Decision Tree,1.1622491044666368,0.6403665273932204,0.5218825770734163
Decision Tree,2.085675334383566,1.8330107310704726,0.25266460331309326
Decision Tree,-0.3954496874134354,-0.4518691766675099,0.05641948925407453
Decision Tree,-0.6706120488533284,-0.6268974268580438,-0.04371462199528453
Decision Tree,1.407096968459762,2.0959413133500604,-0.6888443448902983
Decision Tree,0.6515664167095473,1.5533317936519857,-0.9017653769424384
Decision Tree,-0.9667613700640608,-1.0485161273724233,0.08175475730836246
Decision Tree,0.1665344575612613,0.2677241847759301,-0.10118972721466876
Decision Tree,-0.7405685814227927,-0.8143338585432611,0.07376527712046843
Decision Tree,-0.5889960941889534,-0.3685164223741916,-0.2204796718147618
Decision Tree,-0.082977175269828,0.2677241847759301,-0.3507013600457581
Decision Tree,-0.4444192602120604,-0.5043820024144584,0.059962742202398
Decision Tree,-1.0786918221752035,-0.9862755607281743,-0.09241626144702919
Decision Tree,-1.099678781946043,-0.9862755607281743,-0.11340322121786861
Decision Tree,-1.4960991331730074,-1.3108040097261953,-0.1852951234468121
Decision Tree,-1.3818367966428824,-1.3108040097261953,-0.07103278691668713
Decision Tree,-0.0410032557281494,0.6403665273932204,-0.6813697831213699
Decision Tree,0.4253736280682793,0.6403665273932204,-0.21499289932494114
Decision Tree,-0.1412742857443817,-0.2736087265216184,0.1323344407772367
Decision Tree,-1.0483773247284358,-1.2424982537521085,0.19412092902367273
Decision Tree,-0.8245164205061499,-1.2424982537521085,0.4179818332459586
Decision Tree,-0.4654062199828997,-0.4518691766675099,-0.013537043315389796
Decision Tree,-1.265242575693775,-1.1962187968919038,-0.06902377880187127
Decision Tree,0.0429445833552076,0.42039187499136293,-0.3774472916361553
Decision Tree,-1.470448404564204,-1.4210796803785453,-0.04936872418565863
Decision Tree,-0.2322177780846853,-0.3251221732318604,0.09290439514717508
Decision Tree,0.5606229243692437,-1.3655136057100077,1.9261365300792512
Decision Tree,-1.0460454403094537,-1.2424982537521085,0.19645281344265486
Decision Tree,-0.6193105916357212,-0.6268974268580438,0.007586835222322619
Decision Tree,-1.2419237315039535,0.6403665273932204,-1.882290258897174
Decision Tree,-1.3701773745479715,-1.4210796803785453,0.05090230583057376
Decision Tree,-0.8338439581820785,-0.8143338585432611,-0.019510099638817335
Decision Tree,-0.2368815469226496,-0.3251221732318604,0.08824062630921078
Decision Tree,-1.2349280782470071,-1.2424982537521085,0.0075701755051014175
Decision Tree,0.6189200348437973,0.6403665273932204,-0.021446492549423102
Decision Tree,-0.3651351899666675,-0.3251221732318604,-0.040013016734807116
Decision Tree,-0.470069988820864,-0.2736087265216184,-0.1964612622992456
Decision Tree,-0.7592236567746499,-0.8143338585432611,0.055110201768611256
Decision Tree,-1.4331382538604895,-1.3181190776505192,-0.11501917620997038
Decision Tree,-0.2462090845985781,-0.2736087265216184,0.027399641923040285
Decision Tree,-0.9784207921589714,-1.0485161273724233,0.0700953352134519
Decision Tree,-1.3048846108164716,-1.0485161273724233,-0.2563684834440483
Decision Tree,-0.2042351650568996,-0.03904423607666958,-0.16519092898023002
Decision Tree,-1.0157309428626855,-0.8995336384104266,-0.11619730445225895
Decision Tree,0.7868157130105117,0.6403665273932204,0.14644918561729126
Decision Tree,1.2252099837791548,1.5533317936519857,-0.3281218098728309
Decision Tree,-0.2462090845985781,-0.3251221732318604,0.07891308863328228
Decision Tree,0.8684316676748867,0.6697975130761351,0.19863415459875156
Decision Tree,-1.3328672238442574,-1.4210796803785453,0.08821245653428789
Decision Tree,0.1268924224385648,-0.03904423607666958,0.16593665851523437
Decision Tree,-1.2069454652192215,-1.3181190776505192,0.11117361243129764
Decision Tree,-0.4793975264967925,-0.3267487849157306,-0.1526487415810619
Decision Tree,-0.6402975514065605,-0.8143338585432611,0.1740363071367006
Decision Tree,0.0685953119640112,-0.03904423607666958,0.10763954804068078
Decision Tree,0.6865446829942795,0.2677241847759301,0.41882049821834944
Decision Tree,-0.3045061950731317,-0.3267487849157306,0.022242589842598914
Decision Tree,-0.5400265213903284,-1.0485161273724233,0.5084896059820949
Decision Tree,-1.0064034051867572,-1.3181190776505192,0.311715672463762
Decision Tree,1.5819882998834227,1.5533317936519857,0.028656506231437007
Decision Tree,0.7075316427651187,0.13886088945647318,0.5686707533086455
Decision Tree,2.309536238605852,1.5533317936519857,0.7562044449538663
Decision Tree,1.094624456316155,0.9431265893837225,0.1514978669324324
Decision Tree,-0.4957207174296676,-0.6919228814601374,0.19620216403046975
Decision Tree,-0.6239743604736855,-0.6919228814601374,0.06794852098645188
Decision Tree,1.7918578975918158,1.8330107310704726,-0.041152833478656836
Decision Tree,-0.1109597882976138,0.13272213348602024,-0.24368192178363404
Decision Tree,2.4727681479346018,1.8330107310704726,0.6397574168641291
Decision Tree,1.309157822862512,0.9431265893837225,0.3660312334787895
Decision Tree,-0.8828135309807035,-0.8143338585432611,-0.06847967243744235
Decision Tree,1.2555244812259223,1.5533317936519857,-0.2978073124260634
Decision Tree,-1.0157309428626855,-0.8143338585432611,-0.20139708431942438
Decision Tree,0.5559591555312794,0.2677241847759301,0.2882349707553493
Decision Tree,0.2504822966446185,0.2677241847759301,-0.017241888131311556
Decision Tree,-0.8851454153996857,-0.8143338585432611,-0.0708115568564246
Decision Tree,-0.4024453406703818,-0.5043820024144584,0.10193666174407662
Decision Tree,-1.02039471170065,-0.8143338585432611,-0.20606085315738887
Decision Tree,-0.3184975015870246,-0.5043820024144584,0.1858845008274338
Decision Tree,0.3740721708506722,0.2677241847759301,0.1063479860747421
Decision Tree,-0.6682801644343462,-0.5043820024144584,-0.16389816201988783
Decision Tree,-1.3212078017493467,-1.3108040097261953,-0.010403792023151448
Decision Tree,-1.4378020226984538,-1.2424982537521085,-0.19530376894634527
Decision Tree,-1.3328672238442574,-1.3181190776505192,-0.01474814619373821
Decision Tree,-0.1739206676101317,-0.03904423607666958,-0.13487643153346213
Decision Tree,-0.3697989588046318,-0.4518691766675099,0.0820702178628781
Decision Tree,0.3577489799177971,0.6403665273932204,-0.28261754747542334
Decision Tree,-1.4564570980503109,-1.4210796803785453,-0.03537741767176561
Decision Tree,-0.2881830041402567,-0.3251221732318604,0.03693916909160366
Decision Tree,-0.7079221995570427,-0.8143338585432611,0.1064116589862184
Decision Tree,0.210840261521922,0.2677241847759301,-0.05688392325400807
Decision Tree,-1.1206657417168822,-1.2424982537521085,0.12183251203522638
Decision Tree,-0.1832482052860602,-0.03904423607666958,-0.1442039692093906
Decision Tree,0.6585620699664937,0.6403665273932204,0.01819554257327327
Decision Tree,0.2924562161862971,0.2677241847759301,0.024732031410367006
Decision Tree,-1.342194761520186,-1.3181190776505192,-0.024075683869666742
Decision Tree,-0.9737570233210072,-1.2424982537521085,0.2687412304311013
Decision Tree,-0.4817294109157747,-0.4518691766675099,-0.029860234248264783
Decision Tree,-1.5170860929438468,-1.4210796803785453,-0.09600641256530151
Decision Tree,-0.388454034156489,-0.2736087265216184,-0.11484530763487061
Decision Tree,-0.728909159327882,-0.8143338585432611,0.0854246992153791
Decision Tree,-1.2675744601127572,-1.3181190776505192,0.05054461753776196
Decision Tree,-1.491435364335043,-1.4210796803785453,-0.07035568395649783
Decision Tree,0.6585620699664937,0.9431265893837225,-0.2845645194172288
Decision Tree,-0.8478352646959714,-0.8143338585432611,-0.033501406152710245
Decision Tree,-0.5400265213903284,-0.6268974268580438,0.08687090546771548
Decision Tree,-0.9364468726172928,-0.8143338585432611,-0.12211301407403163
Decision Tree,0.5862736529780472,0.2677241847759301,0.31854946820211716
Decision Tree,-0.5866642097699712,-0.6268974268580438,0.04023321708807259
Decision Tree,-0.0876409441077923,-0.3251221732318604,0.23748122912406808
Decision Tree,0.0382808145172434,-0.3251221732318604,0.3634029877491038
Decision Tree,-0.2415453157606139,-0.03904423607666958,-0.20250107968394432
Decision Tree,-1.2349280782470071,-1.0485161273724233,-0.18641195087458384
Decision Tree,0.7401780246308688,1.5533317936519857,-0.8131537690211169
Decision Tree,-0.1016322506216852,-0.03904423607666958,-0.06258801454501561
Decision Tree,-0.777878732126507,-0.8143338585432611,0.03645512641675408
Decision Tree,-1.4844397110780967,-1.4210796803785453,-0.06336003069955143
Decision Tree,0.6375751101956545,0.9431265893837225,-0.305551479188068
Decision Tree,-0.7498961190987213,-0.8143338585432611,0.06443773944453979
Decision Tree,0.6095924971678687,0.13886088945647318,0.4707316077113955
Decision Tree,1.0596461900314225,1.5533317936519857,-0.49368560362056324
Decision Tree,-1.1836266210294002,-1.4210796803785453,0.23745305934914507
Decision Tree,-0.4001134562513997,-0.6919228814601374,0.29180942520873765
Decision Tree,-0.5983236318648819,-1.0485161273724233,0.45019249550754137
Decision Tree,-0.7662193100315963,-0.6919228814601374,-0.0742964285714589
Decision Tree,0.6982041050891902,0.6718169919270238,0.026387113162166353
Decision Tree,1.4164245061356906,1.5533317936519857,-0.1369072875162951
Decision Tree,0.7425099090498509,0.6697975130761351,0.07271239597371582
Decision Tree,-0.5120439083625427,-0.6919228814601374,0.1798789730975947
Decision Tree,-0.8501671491149535,-0.8143338585432611,-0.03583329057169238
Decision Tree,0.9756983509480652,1.5533317936519857,-0.5776334427039205
Decision Tree,1.9550898069205656,1.8330107310704726,0.12207907585009292
Decision Tree,-0.8501671491149535,-0.8143338585432611,-0.03583329057169238
Decision Tree,-1.2675744601127572,-1.0485161273724233,-0.21905833274033393
Decision Tree,1.3651230489180834,1.5533317936519857,-0.18820874473390226
Decision Tree,1.295166516348619,1.5533317936519857,-0.2581652773033667
Decision Tree,0.1968489550080292,0.6403665273932204,-0.4435175723851912
Decision Tree,-0.7312410437468642,-0.8143338585432611,0.08309281479639696
Decision Tree,-0.292846772978221,0.2677241847759301,-0.5605709577541511
Decision Tree,-0.243877200179596,-0.0951362868830921,-0.1487409132965039
Decision Tree,-1.1906222742863466,-0.8143338585432611,-0.37628841574308547
Decision Tree,-0.5237033304574533,-0.5043820024144584,-0.019321328042994912
Decision Tree,-1.4051556408327035,-1.3108040097261953,-0.09435163110650824
Decision Tree,0.1805257640751542,0.2677241847759301,-0.08719842070077588
Decision Tree,-1.4681165201452218,-1.2424982537521085,-0.22561826639311322
Decision Tree,-0.6426294358255427,-0.5043820024144584,-0.13824743341108425
Decision Tree,-1.178962852191436,-1.2424982537521085,0.06353540156067261
Decision Tree,0.112901115924672,-0.03904423607666958,0.15194535200134157
Decision Tree,-0.9201236816844178,-0.8143338585432611,-0.1057898231411567
Decision Tree,-0.2065670494758817,-0.03904423607666958,-0.1675228133992121
Decision Tree,-0.2485409690175603,-0.3251221732318604,0.07658120421430009
Decision Tree,0.5373040801794222,0.2677241847759301,0.26957989540349214
Decision Tree,-1.5450687059716324,-1.4210796803785453,-0.12398902559308711
Decision Tree,-0.4234323004412211,-0.03904423607666958,-0.38438806436455153
Decision Tree,-1.3865005654808469,-1.3181190776505192,-0.06838148783032771
Decision Tree,-0.5936598630269176,-0.4518691766675099,-0.14179068635940772
Decision Tree,-0.0806452908508459,-0.03904423607666958,-0.04160105477417632
Decision Tree,-0.9597657168071144,-1.2424982537521085,0.2827325369449941
Decision Tree,-1.491435364335043,-1.4210796803785453,-0.07035568395649783
Decision Tree,-0.7032584307190785,-0.4518691766675099,-0.25138925405156853
Decision Tree,0.4300373969062436,0.6403665273932204,-0.21032913048697682
Decision Tree,0.2901243317673149,0.2677241847759301,0.022400146991384817
Decision Tree,-0.679939586529257,-0.8143338585432611,0.1343942720140041
Decision Tree,-1.230264309409043,-1.3181190776505192,0.08785476824147609
Decision Tree,-0.4234323004412211,-0.4518691766675099,0.02843687622628882
Decision Tree,-1.2838976510456324,-1.0485161273724233,-0.23538152367320908
Decision Tree,-0.0946365973647388,-0.03904423607666958,-0.055592361288069214
Decision Tree,-0.5703410188370962,-0.4518691766675099,-0.11847184216958628
Decision Tree,0.5093214671516365,0.6403665273932204,-0.1310450602415839
Decision Tree,-1.0157309428626855,-0.8143338585432611,-0.20139708431942438
Decision Tree,-0.8221845360871678,-0.8143338585432611,-0.00785067754390667
Decision Tree,0.5676185776261902,0.6403665273932204,-0.07274794976703025
Decision Tree,-1.489103479916061,-1.4210796803785453,-0.0680237995375157
Decision Tree,0.8987461651216546,0.6403665273932204,0.2583796377284342
Decision Tree,-1.1882903898673645,-1.0485161273724233,-0.13977426249494118
Decision Tree,0.7261867181169759,0.6403665273932204,0.08582019072375546
Decision Tree,-1.4774440578211503,-1.4210796803785453,-0.05636437744260503
Decision Tree,-0.6752758176912927,-0.6919228814601374,0.016647063768844617
Decision Tree,-0.1319467480684531,-0.3251221732318604,0.19317542516340727
Decision Tree,-0.3814583808995425,-0.2736087265216184,-0.1078496543779241
Decision Tree,-0.3837902653185246,-1.0485161273724233,0.6647258620538987
Decision Tree,-0.1972395117999531,-0.03904423607666958,-0.1581952757232835
Decision Tree,-0.728909159327882,-0.6919228814601374,-0.036986277867744666
Decision Tree,0.2784649096724042,0.13886088945647318,0.13960402021593105
Decision Tree,-1.633680313892954,-1.4210796803785453,-0.21260063351440883
Decision Tree,0.2877924473483328,0.13886088945647318,0.14893155789185963
Decision Tree,-0.9131280284274714,-1.0485161273724233,0.13538809894495185
Decision Tree,0.2598098343205471,0.13886088945647318,0.12094894486407393
Decision Tree,-0.5633453655801498,-0.6919228814601374,0.12857751587998756
Decision Tree,0.8264577481332082,1.5533317936519857,-0.7268740455187775
Decision Tree,0.6072606127488865,1.5533317936519857,-0.9460711809030992
Decision Tree,-0.9481062947122036,-1.2166061292407189,0.2684998345285152
Decision Tree,0.5233127736655294,1.1473208801058312,-0.6240081064403018
Decision Tree,-0.2228902404087567,0.2677241847759301,-0.4906144251846868
Decision Tree,0.5582910399502615,0.6403665273932204,-0.0820754874429589
Decision Tree,1.0969563407351368,1.5533317936519857,-0.4563754529168489
Decision Tree,-1.3212078017493467,-1.4210796803785453,0.09987187862919855
Decision Tree,0.5093214671516365,1.5533317936519857,-1.044010326500349
Decision Tree,-0.777878732126507,-0.8143338585432611,0.03645512641675408
Decision Tree,-0.8944729530756143,-0.8143338585432611,-0.08013909453235313
Decision Tree,-1.1859585054483823,-1.089503286299575,-0.09645521914880728
Decision Tree,0.0196257391653862,0.2677241847759301,-0.24809844561054387
Decision Tree,-1.3678454901289896,-1.3181190776505192,-0.04972641247847043
Decision Tree,-0.1086279038786316,0.2677241847759301,-0.37635208865456166
Decision Tree,-1.036717902633525,-1.089503286299575,0.05278538366605012
Decision Tree,-0.1972395117999531,-0.3251221732318604,0.12788266143190727
Decision Tree,-0.6099830539597927,-0.8143338585432611,0.20435080458346844
Decision Tree,-0.5610134811611677,0.2677241847759301,-0.8287376659370977
Decision Tree,-0.5796685565130247,-0.7090881417665339,0.12941958525350916
Decision Tree,-1.0553729779853822,-1.2424982537521085,0.18712527576672633
Decision Tree,-0.6776077021102749,-1.2424982537521085,0.5648905516418337
Decision Tree,0.4440287034201364,-0.03904423607666958,0.48307293949680596
Decision Tree,0.3857315929455829,0.13886088945647318,0.24687070348910972
Decision Tree,-0.1272829792304888,-0.03904423607666958,-0.08823874315381923
Decision Tree,-1.2512512691798825,-1.3181190776505192,0.06686780847063667
Decision Tree,-0.292846772978221,-0.3251221732318604,0.0322754002536394
Decision Tree,-1.0553729779853822,-0.6919228814601374,-0.36345009652524485
Decision Tree,0.905741818378601,0.6403665273932204,0.2653752909853806
Decision Tree,-0.5237033304574533,-0.6268974268580438,0.10319409640059052
Decision Tree,0.1805257640751542,0.2677241847759301,-0.08719842070077588
Decision Tree,0.6515664167095473,0.2677241847759301,0.3838422319336172
Decision Tree,-1.2022816963812573,-1.2424982537521085,0.04021655737085128
Decision Tree,-0.9131280284274714,-0.8143338585432611,-0.0987941698842103
Decision Tree,-0.9760889077399892,-1.2424982537521085,0.2664093460121193
Decision Tree,-0.3674670743856497,-0.2736087265216184,-0.0938583478640313
Decision Tree,-1.3865005654808469,-1.2424982537521085,-0.14400231172873834
Decision Tree,-0.0853090596888102,0.2677241847759301,-0.35303324446474027
Decision Tree,-1.050709209147418,-0.8143338585432611,-0.23637535060415682
Decision Tree,0.8124664416193152,0.6403665273932204,0.17209991422609483
Decision Tree,-0.5306989837143997,-0.3251221732318604,-0.20557681048253934
Decision Tree,-1.0856874754321502,-1.0485161273724233,-0.03717134805972688
Decision Tree,0.2504822966446185,0.6403665273932204,-0.3898842307486019
Decision Tree,-0.325493154843971,-0.2736087265216184,-0.05188442832235263
Decision Tree,-0.7149178528139891,-0.8143338585432611,0.099416005729272
Decision Tree,-0.0083568738623994,-0.03904423607666958,0.030687362214270184
Decision Tree,-1.4564570980503109,-1.3181190776505192,-0.1383380203997917
Decision Tree,-1.0926831286890966,-1.0485161273724233,-0.04416700131667328
Decision Tree,0.4137142059733686,0.6403665273932204,-0.2266523214198518
Decision Tree,-0.2975105418161853,-0.2736087265216184,-0.02390181529456692
Decision Tree,-0.6472932046635069,-0.8143338585432611,0.1670406538797542
Decision Tree,-1.377173027804918,-1.4210796803785453,0.04390665257362736
Decision Tree,0.7238548336979937,0.9431265893837225,-0.21927175568572876
Decision Tree,-0.7522280035177035,-1.0485161273724233,0.2962881238547198
Decision Tree,-0.0083568738623994,0.2677241847759301,-0.2760810586383295
Decision Tree,0.0266213924223326,-0.03904423607666958,0.06566562849900218
Decision Tree,1.2625201344828691,0.9431265893837225,0.31939354509914664
Decision Tree,0.6632258388044581,0.2677241847759301,0.395501654028528
Decision Tree,-0.5750047876750605,-1.0485161273724233,0.4735113396973628
Decision Tree,1.344136089147244,0.9431265893837225,0.4010094997635215
Decision Tree,-1.2092773496382037,-1.3181190776505192,0.10884172801231551
Decision Tree,-0.194907627380971,-0.3267487849157306,0.1318411575347596
Decision Tree,-0.6566207423394356,-0.8143338585432611,0.15771311620382555
Decision Tree,0.3833997085266007,0.6697975130761351,-0.2863978045495344
Decision Tree,0.8474447079040474,0.2677241847759301,0.5797205231281173
Decision Tree,-0.0526626778230602,0.2677241847759301,-0.3203868625989903
Decision Tree,1.4630621945153337,0.9431265893837225,0.5199356051316112
Decision Tree,-0.7032584307190785,-0.6919228814601374,-0.011335549258941091
Decision Tree,-0.4001134562513997,-0.3267487849157306,-0.0733646713356691
Decision Tree,-0.840839611439025,-0.6919228814601374,-0.1489167299788876
Decision Tree,1.8991245808649944,1.8330107310704726,0.06611384979452173
Decision Tree,-1.2256005405710788,-1.0485161273724233,-0.17708441319865553
Decision Tree,0.9337244314063868,0.9431265893837225,-0.009402157977335679
Decision Tree,0.8917505118647081,0.6403665273932204,0.2513839844714877
Decision Tree,-1.3188759173303646,-1.3108040097261953,-0.008071907604169315
Decision Tree,-0.6286381293116499,-0.5043820024144584,-0.12425612689719145
Decision Tree,-0.2555366222745067,0.2677241847759301,-0.5232608070504368
Decision Tree,-0.3045061950731317,0.2677241847759301,-0.5722303798490618
Decision Tree,-0.7638874256126141,-0.7090881417665339,-0.05479928384608024
Decision Tree,-1.001739636348793,-0.8143338585432611,-0.1874057778055318
Decision Tree,-0.810525113992257,-0.7090881417665339,-0.10143697222572312
Decision Tree,-1.2092773496382037,-0.8143338585432611,-0.39494349109494253
Decision Tree,-1.5637237813234897,-1.2424982537521085,-0.3212255275713811
Decision Tree,-0.6239743604736855,-0.3251221732318604,-0.2988521872418251
Decision Tree,-1.230264309409043,-1.1962187968919038,-0.034045512517139276
Decision Tree,-0.0106887582813816,-0.3251221732318604,0.3144334149504788
Decision Tree,-0.88980918423765,-0.8143338585432611,-0.07547532569438886
Decision Tree,-0.502716370686614,-0.6268974268580438,0.12418105617142983
Decision Tree,-1.0623686312423286,-1.2424982537521085,0.18012962250977993
Decision Tree,-1.4984310175919895,-1.4210796803785453,-0.07735133721344423
Decision Tree,-0.0759815220128816,-0.03904423607666958,-0.03693728593621201
Decision Tree,-0.5353627525523641,-0.2736087265216184,-0.2617540260307457
Decision Tree,-0.7452323502607571,-0.9862755607281743,0.24104321046741728
Decision Tree,-1.4308063694415074,-1.2424982537521085,-0.18830811568939887
Decision Tree,-0.325493154843971,-0.2736087265216184,-0.05188442832235263
Decision Tree,-0.1319467480684531,-0.3251221732318604,0.19317542516340727
Decision Tree,-0.0876409441077923,0.6403665273932204,-0.7280074715010127
Decision Tree,-1.4284744850225253,-1.4210796803785453,-0.007394804643980013
Decision Tree,-0.924787450522382,-1.2424982537521085,0.31771080322972656
Decision Tree,-0.728909159327882,-0.5974491752077635,-0.1314599841201185
Decision Tree,-0.9434425258742392,-0.8143338585432611,-0.12910866733097803
Decision Tree,-1.0763599377562214,-0.8143338585432611,-0.2620260792129603
Decision Tree,-0.8688222244668107,-0.8143338585432611,-0.05448836592354955
Decision Tree,0.33909390456594,-0.03904423607666958,0.3781381406426096
Decision Tree,-0.0456670245661137,-0.03904423607666958,-0.006622788489444115
Decision Tree,-0.7452323502607571,-0.5974491752077635,-0.14778317505299354
Decision Tree,-1.3538541836150966,-1.1962187968919038,-0.15763538672319277
Decision Tree,-0.7708830788695606,-0.6268974268580438,-0.1439856520115168
Decision Tree,-1.4471295603743823,-1.4210796803785453,-0.026049879995837077
Decision Tree,-0.3837902653185246,-0.2736087265216184,-0.11018153879690623
Decision Tree,0.4673475476099579,0.6403665273932204,-0.17301897978326253
Decision Tree,-0.7335729281658463,-1.0485161273724233,0.314943199206577
Decision Tree,-0.4094409939273282,-0.2736087265216184,-0.1358322674057098
Decision Tree,-0.3068380794921139,-0.2736087265216184,-0.03322935297049551
Decision Tree,-1.1766309677724536,-1.3181190776505192,0.1414881098780656
Decision Tree,0.3600808643367792,0.2677241847759301,0.09235667956084914
Decision Tree,-1.4354701382794717,-1.4210796803785453,-0.014390457900926412
Decision Tree,-0.8804816465617213,-1.2166061292407189,0.3361244826789975
Decision Tree,-0.3021743106541496,-0.3251221732318604,0.022947862577710754
Decision Tree,-0.5073801395245783,-0.6919228814601374,0.18454274193555908
Decision Tree,-0.6962627774621319,-0.6919228814601374,-0.004339896001994581
Decision Tree,0.3344301357279757,0.6697975130761351,-0.3353673773481594
Decision Tree,-0.7149178528139891,-1.0485161273724233,0.33359827455843416
Decision Tree,0.4137142059733686,0.13886088945647318,0.27485331651689543
Decision Tree,1.488712923124137,1.1473208801058312,0.3413920430183057
Decision Tree,-1.2395918470849716,-1.4210796803785453,0.18148783329357365
Decision Tree,0.5932693062349937,0.6697975130761351,-0.07652820684114137
Decision Tree,1.2741795565777798,0.6718169919270238,0.602362564650756
Decision Tree,-1.230264309409043,-1.0485161273724233,-0.1817481820366198
Decision Tree,1.2718476721587977,1.8330107310704726,-0.561163058911675
Decision Tree,-0.2158945871518103,0.2677241847759301,-0.4836187719277404
Decision Tree,-1.1066744352029894,-1.2166061292407189,0.10993169403772951
Decision Tree,0.9453838535012976,0.6403665273932204,0.3050173261080772
Decision Tree,1.9037883497029584,1.8330107310704726,0.07077761863248577
Decision Tree,-0.9877483298349,-0.8143338585432611,-0.1734144712916389
Decision Tree,0.5396359645984043,0.6403665273932204,-0.10073056279481607
Decision Tree,-0.3418163457768461,-0.3267487849157306,-0.015067560861115492
Decision Tree,-1.5637237813234897,-1.2424982537521085,-0.3212255275713811
Decision Tree,-0.2741916976263639,-0.5043820024144584,0.2301903047880945
Decision Tree,-0.9994077519298108,-1.3108040097261953,0.31139625779638447
Decision Tree,-0.5400265213903284,-0.62114278653635,0.08111626514602166
Decision Tree,-0.4724018732398461,-0.3251221732318604,-0.14727970000798574
Decision Tree,-0.3767946120615782,0.2677241847759301,-0.6445187968375083
Decision Tree,-1.1859585054483823,-1.2424982537521085,0.05653974830372621
Decision Tree,-1.4214788317655789,-1.3108040097261953,-0.11067482203938361
Decision Tree,-0.7009265463000963,-0.5043820024144584,-0.1965445438856379
Decision Tree,-0.8035294607353106,-0.6268974268580438,-0.17663203387726678
Decision Tree,-0.0783134064318638,-0.03904423607666958,-0.03926917035519421
Decision Tree,-0.519039561619489,-0.6268974268580438,0.10785786523855478
Decision Tree,-0.0596583310800066,-0.3251221732318604,0.26546384215185376
Decision Tree,-1.0880193598511323,-1.2424982537521085,0.15447889390097624
Decision Tree,-1.3958281031567752,-1.4210796803785453,0.025251577221770072
Decision Tree,-0.7895381542214177,-0.6268974268580438,-0.16264072736337387
Decision Tree,-1.1416527014877216,-0.8143338585432611,-0.32731884294446045
Decision Tree,-1.5264136306197753,-1.4210796803785453,-0.10533395024123005
Decision Tree,-0.145938054582346,-0.3251221732318604,0.1791841186495144
Decision Tree,-0.5470221746472748,-0.6268974268580438,0.07987525221076908
Decision Tree,-0.7312410437468642,-0.5974491752077635,-0.13379186853910063
Decision Tree,-0.9620976012260964,-1.2424982537521085,0.2804006525260121
Decision Tree,-1.3468585303581502,-1.3181190776505192,-0.028739452707631008
Decision Tree,-1.4774440578211503,-1.4210796803785453,-0.05636437744260503
Decision Tree,-1.0926831286890966,-1.2424982537521085,0.14981512506301198
Decision Tree,0.1991808394270113,0.2677241847759301,-0.06854334534891876
Decision Tree,-0.679939586529257,-0.4518691766675099,-0.2280704098617471
Decision Tree,-0.2718598132073818,-0.2736087265216184,0.0017489133142365998
Decision Tree,-1.470448404564204,-1.3181190776505192,-0.15232932691368473
Decision Tree,-1.5264136306197753,-1.4210796803785453,-0.10533395024123005
Decision Tree,0.1525431510473684,0.2677241847759301,-0.11518103372856167
Decision Tree,-0.95510194796915,-0.8143338585432611,-0.14076808942588892
Decision Tree,-1.2092773496382037,-1.0485161273724233,-0.16076122226578038
Decision Tree,-0.7592236567746499,-0.5974491752077635,-0.16177448156688634
Decision Tree,0.0639315431260469,-0.03904423607666958,0.10297577920271649
Decision Tree,-0.6659482800153641,-0.4518691766675099,-0.21407910334785418
Decision Tree,0.1898533017510827,0.2677241847759301,-0.07787088302484738
Decision Tree,-0.9527700635501678,-1.2166061292407189,0.26383606569055107
Decision Tree,0.0942460405728148,0.6403665273932204,-0.5461204868204056
Decision Tree,-0.8501671491149535,-1.0485161273724233,0.19834897825746978
Decision Tree,-0.551685943485239,-0.6268974268580438,0.07521148337280481
Decision Tree,-1.2559150380178463,-1.4210796803785453,0.16516464236069894
Decision Tree,-0.3021743106541496,-0.03904423607666958,-0.26313007457748006
Decision Tree,-1.393496218737793,-1.4210796803785453,0.027583461640752205
Decision Tree,-0.4957207174296676,-0.6268974268580438,0.13117670942837623
Decision Tree,-1.3655136057100077,-1.3181190776505192,-0.04739452805948852
Decision Tree,0.5256446580845116,-0.03904423607666958,0.5646888941611812
Decision Tree,-0.7732149632885428,-0.6919228814601374,-0.08129208182840542
Decision Tree,0.8614360144179403,1.1473208801058312,-0.28588486568789095
Decision Tree,-0.7848743853834534,-1.0485161273724233,0.26364174198896984
Decision Tree,1.129602722600887,1.1473208801058312,-0.01771815750494432
Decision Tree,0.3041156382812078,0.13886088945647318,0.16525474882473462
Decision Tree,-0.2322177780846853,-0.3267487849157306,0.09453100683104532
Decision Tree,0.3134431759571364,0.6697975130761351,-0.3563543371189987
Decision Tree,-0.9457744102932214,-1.089503286299575,0.14372887600635365
Decision Tree,-1.2232686561520965,-1.3181190776505192,0.09485042149842271
Decision Tree,-0.9084642595895072,-0.8143338585432611,-0.09413040104624604
Decision Tree,0.9896896574619582,1.5533317936519857,-0.5636421361900275
Decision Tree,-0.5330308681333819,-0.8143338585432611,0.28130299040987927
Decision Tree,-0.1132916727165959,0.2677241847759301,-0.381015857492526
Decision Tree,0.856772245579976,0.6403665273932204,0.21640571818675558
Decision Tree,1.9061202341219408,1.5533317936519857,0.35278844046995506
Decision Tree,0.7798200597535653,0.9431265893837225,-0.16330652963015724
Decision Tree,-1.1626396612585608,-0.8143338585432611,-0.34830580271529965
Decision Tree,-1.167303430096525,-1.089503286299575,-0.07780014379695
Decision Tree,-1.360849836872043,-1.3108040097261953,-0.05004582714584771
Decision Tree,-0.6659482800153641,-0.6268974268580438,-0.039050853157320264
Decision Tree,-0.3767946120615782,0.2677241847759301,-0.6445187968375083
Decision Tree,-0.630970013730632,-0.62114278653635,-0.009827227194281973
Decision Tree,-0.761555541193632,-0.9142939706369625,0.1527384294433305
Decision Tree,-0.2741916976263639,-0.5043820024144584,0.2301903047880945
Decision Tree,-1.538073052714686,-1.2424982537521085,-0.29557479896257743
Decision Tree,-0.3184975015870246,-0.3251221732318604,0.006624671644835767
Decision Tree,-0.8011975763163285,-0.6268974268580438,-0.17430014945828465
Decision Tree,-1.1393208170687394,-1.2424982537521085,0.1031774366833691
Decision Tree,-1.1882903898673645,-1.2424982537521085,0.05420786388474408
Decision Tree,-0.0479989089850959,-0.03904423607666958,-0.008954672908426317
Decision Tree,-1.4937672487540252,-1.4210796803785453,-0.07268756837547996
Decision Tree,-0.5167076772005069,-0.6268974268580438,0.11018974965753692
Decision Tree,-0.4747337576588283,-0.2736087265216184,-0.20112503113720992
Decision Tree,-1.4004918719947397,-1.3181190776505192,-0.08237279434422051
Decision Tree,-1.521749861781811,-1.4210796803785453,-0.10067018140326578
Decision Tree,-0.6123149383787748,-0.5974491752077635,-0.014865763171011293
Decision Tree,-1.0250584805386145,-1.2424982537521085,0.21743977321349406
Decision Tree,-1.0273903649575964,-1.2424982537521085,0.21510788879451215
Decision Tree,-0.1226192103925245,-0.03904423607666958,-0.08357497431585492
Decision Tree,-1.3818367966428824,-1.3181190776505192,-0.06371771899236323
Decision Tree,-0.4280960692791854,-0.2736087265216184,-0.15448734275756704
Decision Tree,-0.6193105916357212,-0.4518691766675099,-0.1674414149682113
Decision Tree,-0.1669250143531852,0.2677241847759301,-0.43464919912911526
Decision Tree,-0.0246800647952744,-0.03904423607666958,0.014364171281395183
Decision Tree,-1.4284744850225253,-1.3181190776505192,-0.11035540737200611
Decision Tree,-0.453746797887989,-0.2736087265216184,-0.1801380713663706
Decision Tree,-1.540404937133668,-1.4210796803785453,-0.11932525675512284
Decision Tree,-0.7102540839760249,-0.4518691766675099,-0.25838490730851493
Decision Tree,-0.9457744102932214,-1.0485161273724233,0.10274171707920188
Decision Tree,-0.6356337825685963,-0.4518691766675099,-0.18376460590108634
Decision Tree,0.2341591057117435,-0.03904423607666958,0.2732033417884131
Decision Tree,-1.1463164703256858,-1.0485161273724233,-0.09780034295326256
Decision Tree,-1.4541252136313287,-1.4210796803785453,-0.03304553325278348
Decision Tree,-0.1809163208670781,-0.03904423607666958,-0.14187208479040853
Decision Tree,-0.5446902902282926,-0.4518691766675099,-0.09282111356078271
Decision Tree,0.2481504122256363,0.2677241847759301,-0.019573772550293772
Decision Tree,-1.1906222742863466,-1.4210796803785453,0.23045740609219867
Decision Tree,0.1968489550080292,0.2677241847759301,-0.07087522976790087
Decision Tree,-0.8361758426010606,-0.8143338585432611,-0.02184198405779947
Decision Tree,-0.6752758176912927,-0.8536649757434265,0.17838915805213373
Decision Tree,-1.036717902633525,-1.0485161273724233,0.011798224738898355
Decision Tree,-0.6776077021102749,-1.0485161273724233,0.3709084252621484
Decision Tree,1.211218677265262,1.1473208801058312,0.06389779715943078
Decision Tree,-0.1179554415545602,0.13886088945647318,-0.2568163310110334
Decision Tree,0.6655577232234402,0.6697975130761351,-0.0042397898526949085
Decision Tree,0.9640389288531546,0.9431265893837225,0.02091233946943205
Decision Tree,0.2504822966446185,-0.03904423607666958,0.2895265327212881
Decision Tree,-1.1463164703256858,-1.4210796803785453,0.2747632100528594
Decision Tree,-0.8268483049251321,-0.8143338585432611,-0.012514446381870936
Decision Tree,-0.8245164205061499,-1.0485161273724233,0.22399970686627335
Decision Tree,1.8105129729436729,1.5533317936519857,0.25718117929168716
Decision Tree,-0.0246800647952744,0.2677241847759301,-0.2924042495712045
Decision Tree,-0.4071091095083461,-0.3267487849157306,-0.0803603245926155
Decision Tree,-0.7475642346797392,-0.8143338585432611,0.06676962386352192
Decision Tree,0.985025888623994,0.6403665273932204,0.34465936123077356
Decision Tree,0.388063477364565,-0.03904423607666958,0.42710771344123455
Decision Tree,0.7028678739271544,0.6403665273932204,0.06250134653393402
Decision Tree,-1.1952860431243109,-1.0485161273724233,-0.14676991575188758
Decision Tree,-0.95510194796915,-0.8143338585432611,-0.14076808942588892
Decision Tree,-0.1366105169064174,0.2677241847759301,-0.4043347016823475
Decision Tree,-1.3538541836150966,0.2677241847759301,-1.6215783683910265
Decision Tree,-0.7312410437468642,-0.9142939706369625,0.18305292689009833
Decision Tree,-0.1902438585430067,-0.3685164223741916,0.17827256383118487
Decision Tree,-0.8151888828302214,-0.7090881417665339,-0.1061007410636875
Decision Tree,-1.5124223241058825,-1.2424982537521085,-0.26992407035377397
Decision Tree,-1.2722382289507217,-1.3108040097261953,0.03856578077547357
Decision Tree,-1.2838976510456324,-1.089503286299575,-0.1943943647460573
Decision Tree,-1.4051556408327035,-1.3108040097261953,-0.09435163110650824
Decision Tree,-1.0157309428626855,-0.8536649757434265,-0.16206596711925902
Decision Tree,-1.3585179524530608,-0.8995336384104266,-0.4589843140426343
Decision Tree,-0.1482699390013281,-0.03904423607666958,-0.10922570292465851
Decision Tree,-1.398159987575757,-1.3181190776505192,-0.08004090992523794
Decision Tree,-1.2069454652192215,-1.2424982537521085,0.035552788532887014
Decision Tree,-1.5567281280665433,-1.4210796803785453,-0.135648447687998
Decision Tree,-0.3068380794921139,-0.2736087265216184,-0.03322935297049551
Decision Tree,-0.7149178528139891,-0.832095044867842,0.11717719205385291
Decision Tree,-1.2908933043025788,-1.2424982537521085,-0.04839505055047022
Decision Tree,-1.5170860929438468,-1.3181190776505192,-0.1989670152933276
Decision Tree,-1.5147542085248646,-1.4210796803785453,-0.09367452814631938
Decision Tree,-1.258246922436829,-1.1962187968919038,-0.062028125544925095
Decision Tree,-0.7498961190987213,-0.9862755607281743,0.236379441629453
Decision Tree,-0.227554009246721,-0.3251221732318604,0.09756816398513937
Decision Tree,-0.2858511197212746,-0.2736087265216184,-0.012242393199656199
Decision Tree,-0.7895381542214177,-0.9862755607281743,0.19673740650675664
Decision Tree,-0.9597657168071144,-0.9862755607281743,0.026509843921059928
Decision Tree,-1.1859585054483823,-1.2424982537521085,0.05653974830372621
Decision Tree,-1.472780288983186,-1.4210796803785453,-0.05170060860464076
Decision Tree,-0.5750047876750605,-0.5974491752077635,0.02244438753270306
Decision Tree,0.1875214173321006,0.13886088945647318,0.04866052787562741
Decision Tree,-1.0880193598511323,-1.0485161273724233,-0.039503232478709016
Decision Tree,-1.4657846357262396,-1.4210796803785453,-0.044704955347694364
Decision Tree,-0.5400265213903284,-0.5974491752077635,0.057422653817435165
Decision Tree,-1.1090063196219715,-1.0485161273724233,-0.060490192249548214
Decision Tree,-0.8618265712098643,-0.8143338585432611,-0.047492712666603154
Decision Tree,0.0452764677741898,-0.03904423607666958,0.08432070385085938
Random Forest,-0.7498961190987213,-0.7352576841372863,-0.01463843496143502
Random Forest,-0.7335729281658463,0.5508037776759566,-1.2843767058418027
Random Forest,-0.4793975264967925,-0.4107049245226507,-0.06869260197414179
Random Forest,-0.3744627276425961,-0.36587743880678003,-0.008585288835816052
Random Forest,-0.2998424262351675,-0.3131704967056059,0.013328070470438436
Random Forest,0.5559591555312794,0.5506179469274342,0.005341208603845238
Random Forest,-0.7895381542214177,-0.36433793051779245,-0.42520022370362526
Random Forest,-1.4797759422401324,-1.3907796543443516,-0.08899628789578085
Random Forest,-1.0390497870525073,-0.0916790475074787,-0.9473707395450286
Random Forest,0.1175648847626363,0.07448085764978774,0.04308402711284856
Random Forest,-1.2116092340571858,-1.1567112327818005,-0.054898001275385244
Random Forest,-1.1626396612585608,-1.1370497810529623,-0.025589880205598492
Random Forest,0.4696794320289401,0.4966167101763999,-0.02693727814745983
Random Forest,-0.5773366720940426,-0.5959758184618569,0.018639146367814274
Random Forest,-0.0689858687559352,0.171404448549291,-0.2403903173052262
Random Forest,0.5536272711122973,0.2644196203846797,0.28920765072761756
Random Forest,-1.4378020226984538,-1.3952319844070302,-0.042570038291423584
Random Forest,-0.0689858687559352,0.019375203813632492,-0.08836107256956768
Random Forest,-0.3371525769388818,-0.3103852218998406,-0.026767355039041207
Random Forest,0.6329113413576901,0.4893385417536258,0.14357279960406433
Random Forest,1.115611416086994,1.1495949246644617,-0.03398350857746757
Random Forest,-0.0549945622420423,-0.14905543402364943,0.09406087178160713
Random Forest,1.0666418432883689,1.0898249194211582,-0.02318307613278936
Random Forest,-1.4004918719947397,-1.3565958318964284,-0.04389604009831127
Random Forest,0.1315561912765291,0.08865285287186839,0.04290333840466071
Random Forest,-1.0903512442701144,-1.035350871112416,-0.05500037315769846
Random Forest,0.2038446082649756,0.3170359372056336,-0.113191328940658
Random Forest,0.6725533764803866,0.6943230281140619,-0.02176965163367528
Random Forest,-0.7592236567746499,-0.8174732446999756,0.05824958792532575
Random Forest,-1.2885614198835966,-1.2687503296832827,-0.019811090200313908
Random Forest,-0.8874772998186679,-0.9547851697659783,0.06730786994731042
Random Forest,0.7401780246308688,0.7713551674553571,-0.031177142824488357
Random Forest,1.5073679984759942,0.7648070407888968,0.7425609576870974
Random Forest,1.278843325415744,1.042284565543839,0.236558759871905
Random Forest,0.194517070589047,0.6200828548648113,-0.4255657842757643
Random Forest,0.4416968190011543,0.24622253286550944,0.19547428613564488
Random Forest,-1.2675744601127572,-1.2880525551262796,0.02047809501352238
Random Forest,-0.5446902902282926,-0.48100083177229314,-0.06368945845599949
Random Forest,-1.4774440578211503,-1.4383757677747082,-0.03906829004644208
Random Forest,0.3041156382812078,0.33398307276670736,-0.029867434485499555
Random Forest,-0.5330308681333819,-0.5046497283863954,-0.028381139746986417
Random Forest,-0.7662193100315963,-0.8207817329707042,0.05456242293910796
Random Forest,-0.0736496375938995,-0.07711010800523138,0.0034604704113318785
Random Forest,-0.3931178029944532,-0.43305461213405333,0.03993680913960013
Random Forest,-1.470448404564204,-1.4419694992127465,-0.028478905351457362
Random Forest,0.6608939543854759,0.5332119707751325,0.12768198361034344
Random Forest,0.4160460903923507,0.3277531762386761,0.08829291415367457
Random Forest,-0.6869352397862034,-0.694616801538822,0.007681561752618582
Random Forest,-0.082977175269828,-0.12277893288928939,0.03980175761946139
Random Forest,-1.2069454652192215,-1.2466850223522215,0.039739557132999925
Random Forest,0.0102982014894576,0.0017901892989025511,0.008508012190555048
Random Forest,-1.2512512691798825,-1.2360141741884578,-0.015237094991424671
Random Forest,-0.2858511197212746,-0.2783586331728343,-0.007492486548440258
Random Forest,-0.614646822797757,-0.6341289226347968,0.019482099837039857
Random Forest,0.3530852110798329,0.3508862683030285,0.00219894277680438
Random Forest,0.178193879656172,0.1114607392183582,0.06673314043781381
Random Forest,-1.5147542085248646,-1.475185484017,-0.03956872450786464
Random Forest,-0.777878732126507,-0.7820849097984105,0.004206177671903455
Random Forest,1.1529215667907082,1.0411045827076684,0.11181698408303986
Random Forest,-0.5143757927815248,-0.49969490795259436,-0.01468088482893043
Random Forest,-0.1436061701633638,-0.08669620874290915,-0.05690996142045465
Random Forest,-0.6239743604736855,-0.6147158876524554,-0.009258472821230046
Random Forest,0.7238548336979937,0.6914026165236682,0.03245221717432556
Random Forest,-1.1626396612585608,-1.2001700917100184,0.03753043045145765
Random Forest,-1.4587889824692932,-1.4209080513041998,-0.03788093116509339
Random Forest,0.2201677991978506,0.3686040740598993,-0.14843627486204872
Random Forest,-0.8011975763163285,-0.7875687033178649,-0.013628872998463604
Random Forest,0.5116533515706186,0.5577002577031778,-0.04604690613255913
Random Forest,-1.0973468975270608,-1.1502502616433143,0.052903364116253515
Random Forest,-1.4587889824692932,-1.4210547268218259,-0.03773425564746735
Random Forest,0.1665344575612613,0.5299358940499704,-0.36340143648870915
Random Forest,-0.1506018234203102,-0.07659264282622374,-0.07400918059408645
Random Forest,-0.8035294607353106,-0.7705642604773382,-0.03296520025797245
Random Forest,-0.2158945871518103,-0.2196952623047902,0.003800675152979882
Random Forest,-0.194907627380971,-0.19550710810010907,0.000599480719138068
Random Forest,-0.2811873508833103,-0.2976705756471974,0.016483224763887083
Random Forest,-0.0270119492142566,-0.016043484871227084,-0.010968464343029515
Random Forest,0.5046576983136722,0.8323244992457742,-0.327666800932102
Random Forest,-1.181294736610418,-1.3473385642776712,0.16604382766725312
Random Forest,-0.8758178777237571,-0.9944590612865357,0.11864118356277864
Random Forest,0.777488175334583,1.0710041789668059,-0.29351600363222285
Random Forest,0.1432156133714399,0.24248613391600632,-0.09927052054456642
Random Forest,0.2015127238459935,0.13831100642319616,0.06320171742279734
Random Forest,0.3833997085266007,0.5874940650637628,-0.20409435653716207
Random Forest,-0.1296148636494709,0.17147298163000887,-0.30108784527947974
Random Forest,-1.2885614198835966,-1.1877387847261995,-0.10082263515739709
Random Forest,-1.1533121235826322,-1.082458467905758,-0.07085365567687418
Random Forest,0.6002649594919401,1.0939588900263717,-0.49369393053443156
Random Forest,-0.9504381791311856,-0.875771542247357,-0.07466663688382857
Random Forest,0.388063477364565,0.8531256019625421,-0.4650621245979771
Random Forest,-0.3558076522907389,-0.35186865346871143,-0.003938998822027473
Random Forest,-1.409819409670668,-1.325297569910499,-0.08452183976016903
Random Forest,-1.5777150878373825,-1.4727813746086356,-0.1049337132287469
Random Forest,-0.4817294109157747,-0.36458538206364766,-0.11714402885212705
Random Forest,-0.8245164205061499,-0.8339712154234363,0.009454794917286402
Random Forest,0.2015127238459935,0.23369474771634785,-0.03218202387035435
Random Forest,-0.5959917474458998,-0.564800005513739,-0.031191741932160788
Random Forest,-0.9830845609969358,-0.9241365651673373,-0.05894799582959842
Random Forest,-0.2835192353022925,-0.21634912562119002,-0.06717010968110249
Random Forest,0.0242895080033505,0.3194936836614997,-0.2952041756581492
Random Forest,-1.3468585303581502,-1.3254801103048384,-0.02137842005331181
Random Forest,-0.1506018234203102,-0.11267304833494597,-0.03792877508536423
Random Forest,-1.538073052714686,-1.5033305652736308,-0.034742487441055125
Random Forest,-0.6029874007028462,-0.6200611824074763,0.017073781704630142
Random Forest,-0.4957207174296676,-0.41726070093932327,-0.07846001649034434
Random Forest,-0.9224555661034,-0.8694355320427362,-0.0530200340606638
Random Forest,-0.9201236816844178,-0.9113356364214845,-0.008788045262933308
Random Forest,-0.4280960692791854,-0.2877824956260352,-0.14031357365315023
Random Forest,-1.3375309926822216,-1.2938461765547293,-0.04368481612749231
Random Forest,-0.7848743853834534,-0.7822169368272793,-0.0026574485561741135
Random Forest,-0.6286381293116499,-0.6152063203080987,-0.01343180900355112
Random Forest,-0.502716370686614,-0.4802837504029241,-0.02243262028368992
Random Forest,-1.5660556657424718,-1.5017983487176427,-0.06425731702482906
Random Forest,-0.7872062698024356,-0.7979790474135914,0.010772777611155804
Random Forest,0.2551460654825828,0.37363073056181834,-0.11848466507923555
Random Forest,-0.5633453655801498,-0.5330927217363454,-0.03025264384380444
Random Forest,-0.7592236567746499,-0.5493952663954508,-0.2098283903791991
Random Forest,-0.7638874256126141,-0.7626935762394236,-0.0011938493731905586
Random Forest,-0.3394844613578639,-0.25324095464688917,-0.08624350671097475
Random Forest,0.3810678241076186,0.3777125110304652,0.0033553130771533657
Random Forest,-0.5913279786079355,-0.6074886893328679,0.016160710724932414
Random Forest,-1.3002208419785073,-1.230022950011328,-0.0701978919671793
Random Forest,-1.3958281031567752,-1.4150162522164285,0.01918814905965327
Random Forest,-0.2975105418161853,-0.13554243791617865,-0.16196810390000665
Random Forest,-0.600655516283864,-0.5686932167144613,-0.031962299569402775
Random Forest,-0.7545598879366856,-0.6829885914615701,-0.07157129647511551
Random Forest,-0.4420873757930783,-0.40129505871968935,-0.04079231707338893
Random Forest,-0.859494686790882,-0.8079402669817198,-0.0515544198091622
Random Forest,0.0615996587070648,0.15422178544931056,-0.09262212674224576
Random Forest,-1.360849836872043,-1.3531700358129455,-0.007679801059097491
Random Forest,-1.3515222991961144,-1.2449760236797764,-0.106546275516338
Random Forest,-0.728909159327882,-0.6647162957300216,-0.06419286359786047
Random Forest,-0.5540178279042212,-0.4689624429328811,-0.08505538497134008
Random Forest,-0.630970013730632,-0.4975492732367283,-0.13342074049390368
Random Forest,-0.2345496625036674,-0.1488939025401334,-0.085655759963534
Random Forest,-1.0064034051867572,-1.1392731547545205,0.13286974956776332
Random Forest,-1.3841686810618643,-1.3043431843068587,-0.07982549675500561
Random Forest,0.2411547589686899,0.2948075334022671,-0.053652774433577216
Random Forest,-0.6496250890824891,-0.5142413575779993,-0.1353837315044898
Random Forest,0.0779228496399398,0.028525876072920855,0.04939697356701894
Random Forest,-0.6333018981496141,-0.4892474423804879,-0.14405445576912623
Random Forest,0.1082373470867077,0.17245527803503594,-0.06421793094832824
Random Forest,-0.5237033304574533,-0.546619806552134,0.022916476094680727
Random Forest,-0.6659482800153641,-0.6789474814717468,0.01299920145638267
Random Forest,-1.1416527014877216,-1.1255618030669998,-0.016090898420721755
Random Forest,-0.6496250890824891,-0.627275115944079,-0.02234997313841003
Random Forest,-1.4797759422401324,-1.4670884363410541,-0.0126875058990783
Random Forest,-1.0133990584437036,-0.9181271490899169,-0.09527190935378671
Random Forest,-0.7498961190987213,-0.8207659610973018,0.07086984199858049
Random Forest,-1.4774440578211503,-1.366977232260947,-0.11046682556020326
Random Forest,-0.8921410686566321,-0.926327087144842,0.0341860184882099
Random Forest,-0.3021743106541496,-0.2961503883592338,-0.006023922294915829
Random Forest,-0.6402975514065605,-0.38365821004622896,-0.25663934136033156
Random Forest,-0.066653984336953,-0.03408935257129344,-0.03256463176565957
Random Forest,-1.3491904147771323,-1.351257772074562,0.002067357297429684
Random Forest,-0.9364468726172928,-0.8623402360729668,-0.07410663654432592
Random Forest,-1.1253295105548464,-1.0234899014020244,-0.10183960915282197
Random Forest,-1.4960991331730074,-1.496853611223326,0.0007544780503185855
Random Forest,-0.761555541193632,-0.6509216262151655,-0.11063391497846653
Random Forest,-0.8968048374945964,-0.8281741102211415,-0.06863072727345487
Random Forest,-1.2209367717331143,-1.1325966697299972,-0.08834010200311715
Random Forest,-0.9131280284274714,-0.8937965052085827,-0.019331523218888758
Random Forest,-0.9411106414552572,-1.078769048538036,0.13765840708277866
Random Forest,0.0522721210311362,-0.07637891236378525,0.12865103339492145
Random Forest,-0.6729439332723105,-0.7052804862354005,0.032336552963090015
Random Forest,-0.6053192851218284,-0.6853014453673693,0.07998216024554083
Random Forest,-0.5283670992954176,-0.9162852949709895,0.38791819567557195
Random Forest,-1.4867715954970788,-1.4641813412292228,-0.02259025426785599
Random Forest,-0.388454034156489,-0.633815629530736,0.245361595374247
Random Forest,-1.3958281031567752,-1.3074539570918278,-0.08837414606494742
Random Forest,-0.8478352646959714,-0.8311195640361925,-0.016715700659778898
Random Forest,-0.3651351899666675,-0.3198293497472925,-0.045305840219375004
Random Forest,-1.4774440578211503,-1.213220838503471,-0.2642232193176792
Random Forest,-0.8921410686566321,-0.8673012356937064,-0.02483983296292569
Random Forest,-0.470069988820864,-0.47400309603724433,0.003933107216380349
Random Forest,-0.7732149632885428,-0.7613731319510977,-0.011841831337445097
Random Forest,0.1595388043043148,0.1568322800179274,0.0027065242863874017
Random Forest,-1.3888324498998288,-1.3291297540404656,-0.059702695859363164
Random Forest,-0.0316757180522209,-0.00954534223304015,-0.022130375819180752
Random Forest,-0.9271193349413642,-1.290810150866823,0.3636908159254588
Random Forest,-1.5007629020109716,-1.3913789945852117,-0.10938390742575987
Random Forest,-0.728909159327882,-0.7663583408566478,0.03744918152876575
Random Forest,0.4836707385428329,0.399904525424697,0.08376621311813587
Random Forest,-0.470069988820864,-0.4556426963630177,-0.014427292457846297
Random Forest,-0.2158945871518103,-0.3935717890665077,0.17767720191469738
Random Forest,-0.582000440932007,-0.663378699692865,0.08137825876085802
Random Forest,0.3320982513089935,0.2669871089395591,0.06511114236943438
Random Forest,-0.4001134562513997,-0.38129558985023415,-0.01881786640116556
Random Forest,-1.4144831785086325,-1.3784474651681229,-0.03603571334050959
Random Forest,0.548963502274333,0.4769927626038522,0.07197073967048079
Random Forest,0.3787359396886364,0.19089135528168666,0.18784458440694973
Random Forest,-0.1389424013253995,-0.2003044736840554,0.0613620723586559
Random Forest,-0.8781497621427392,-0.9127088044201831,0.034559042277443885
Random Forest,-0.3021743106541496,-0.44126129506225376,0.13908698440810413
Random Forest,0.6678896076424223,0.6654482072078004,0.002441400434621932
Random Forest,0.5396359645984043,0.3990750696049698,0.14056089499343455
Random Forest,0.0592677742880827,-0.10608049899241469,0.1653482732804974
Random Forest,-1.0437135558904715,-1.066346045153409,0.022632489262937483
Random Forest,-0.2019032806379174,-0.15515674721636846,-0.04674653342154894
Random Forest,-0.9224555661034,-0.9078717837284355,-0.014583782374964493
Random Forest,0.8824229741887796,0.5608475136872335,0.32157546050154606
Random Forest,-1.3048846108164716,-1.3205511171718898,0.01566650635541822
Random Forest,-0.6333018981496141,-0.7003211605476739,0.06701926239805978
Random Forest,-1.4168150629276146,-1.353120580143873,-0.06369448278374157
Random Forest,0.4090504371354043,0.2559302939759517,0.1531201431594526
Random Forest,-0.1762525520291138,-0.1641003956711402,-0.012152156357973593
Random Forest,-0.9061323751705248,-0.9046527979923296,-0.001479577178195246
Random Forest,-0.4350917225361319,-0.36474790367433063,-0.07034381886180124
Random Forest,-1.4121512940896503,-1.436533346476509,0.024382052386858755
Random Forest,-0.1715887831911495,-0.18483648609445855,0.013247702903309039
Random Forest,-0.4117728783463104,-0.5569998864654199,0.1452270081191095
Random Forest,-1.5310773994577396,-1.4443868425667379,-0.08669055689100169
Random Forest,-0.0759815220128816,-0.11022247714474818,0.03424095513186659
Random Forest,-0.4164366471842747,-0.4003595561654046,-0.016077091018870115
Random Forest,-1.6430078515688824,-0.8052126711584922,-0.8377951804103903
Random Forest,-1.4587889824692932,-1.3518658740864684,-0.10692310838282482
Random Forest,0.486002622961815,0.3979861954673362,0.0880164274944788
Random Forest,0.0872503873158684,0.03992905445190644,0.04732133286396196
Random Forest,-1.1556440080016144,-1.315412556130889,0.15976854812927455
Random Forest,-0.388454034156489,-0.3890260363425129,0.0005720021860239344
Random Forest,0.8591041299989581,0.6457198279159373,0.21338430208302084
Random Forest,0.2971199850242614,0.1092712084046129,0.1878487766196485
Random Forest,-0.3534757678717568,-0.3644712662335556,0.010995498361798806
Random Forest,-0.486393179753739,-0.4313444610206638,-0.05504871873307521
Random Forest,-1.4168150629276146,-1.4425687220385635,0.025753659110948846
Random Forest,-1.5474005903906145,-0.933604345950983,-0.6137962444396315
Random Forest,-1.4774440578211503,-1.4146158545624226,-0.06282820325872773
Random Forest,0.9756983509480652,0.6863921626784594,0.28930618826960586
Random Forest,-0.0479989089850959,-0.2593827138567659,0.21138380487167002
Random Forest,-0.4304279536981675,-0.3876966799310468,-0.042731273767120714
Random Forest,0.2738011408344399,0.08978368239800148,0.1840174584364384
Random Forest,-0.6939308930431498,-0.9812124929175248,0.28728159987437496
Random Forest,-1.1696353145155072,-1.1150107272163112,-0.05462458729919595
Random Forest,-0.1855800897050424,-0.21392249061620386,0.02834240091116147
Random Forest,0.6329113413576901,0.4582534021152704,0.17465793924241974
Random Forest,-1.2489193847609,-1.0939527089711718,-0.15496667578972811
Random Forest,0.2294953368737792,0.30299111733061435,-0.07349578045683514
Random Forest,0.0429445833552076,0.04585496915099231,-0.0029103857957847104
Random Forest,1.1202751849249584,1.1585979414990528,-0.03832275657409445
Random Forest,-0.6193105916357212,-0.6910481581158341,0.07173756648011287
Random Forest,-1.2372599626659897,-1.3505097536861692,0.11324979102017951
Random Forest,0.0779228496399398,-0.031196341612609556,0.10911919125254935
Random Forest,0.7051997583461366,0.4963485962696193,0.20885116207651727
Random Forest,1.857150661323316,1.4761125663417756,0.3810380949815404
Random Forest,1.309157822862512,1.1388174890460971,0.1703403338164149
Random Forest,0.0242895080033505,-0.1666939628625835,0.190983470865934
Random Forest,-0.8291801893441142,-1.0268948368367117,0.19771464749259748
Random Forest,-1.3212078017493467,-1.2685106964536539,-0.052697105295692825
Random Forest,0.4929982762187615,0.4277871110288932,0.0652111651898683
Random Forest,1.4257520438116191,1.0785431594968198,0.34720888431479935
Random Forest,0.6538983011285294,0.6631518777876347,-0.009253576659105311
Random Forest,-0.0596583310800066,0.47209863019236065,-0.5317569612723673
Random Forest,-1.0716961689182571,-1.268131043183612,0.19643487426535478
Random Forest,0.8311215169711724,0.7465772105825608,0.08454430638861166
Random Forest,1.3348085514713155,1.265960550671332,0.06884800079998343
Random Forest,-0.728909159327882,-0.8754811943093808,0.14657203498149873
Random Forest,1.812844857362655,1.6705590116813658,0.1422858456812892
Random Forest,-0.7032584307190785,-0.6958116440261086,-0.007446786692969831
Random Forest,-0.6333018981496141,-0.62210786312899,-0.011194035020624105
Random Forest,-0.502716370686614,-0.49192496155142323,-0.010791409135190777
Random Forest,-0.0853090596888102,0.17162844203768324,-0.25693750172649343
Random Forest,0.0732590808019755,0.05160530352620204,0.021653777275773466
Random Forest,-0.4747337576588283,-0.4672057354281555,-0.007528022230672782
Random Forest,-1.409819409670668,-1.1962078766082709,-0.2136115330623971
Random Forest,-0.8991367219135785,-0.8968564581813714,-0.002280263732207133
Random Forest,-1.4517933292123466,-1.3797245324324792,-0.07206879677986744
Random Forest,0.2528141810636006,0.1317385071299911,0.12107567393360949
Random Forest,-0.1039641350406673,-0.08867592653387762,-0.015288208506789677
Random Forest,-0.6589526267584177,-0.5103207140627242,-0.14863191269569354
Random Forest,-0.4024453406703818,-0.43550572598100445,0.033060385310622664
Random Forest,-0.924787450522382,-0.9241419326097374,-0.0006455179126445554
Random Forest,-0.7918700386404,-0.783804839147024,-0.008065199493375919
Random Forest,-1.4214788317655789,-1.3628474213991133,-0.058631410366465575
Random Forest,-1.4541252136313287,-1.4691600999882135,0.015034886356884769
Random Forest,-1.5030947864299538,-1.4685083285704885,-0.034586457859465236
Random Forest,-0.938778757036275,-0.9101464157770528,-0.028632341259222205
Random Forest,0.486002622961815,0.3649711621895449,0.12103146077227012
Random Forest,-1.3795049122239005,-1.3585769734598094,-0.020927938764091047
Random Forest,0.0336170456792791,0.06867126026636962,-0.035054214587090515
Random Forest,-0.4117728783463104,-0.4474324622996636,0.035659583953353224
Random Forest,-0.7568917723556677,-0.7361547905198453,-0.0207369818358224
Random Forest,-0.8081932295732749,-0.7697416005051861,-0.038451629068088744
Random Forest,0.0755909652209577,0.18337373370220875,-0.10778276848125104
Random Forest,-1.442465791536418,-1.4463333781052286,0.003867586568810477
Random Forest,-0.6402975514065605,-0.6269501471455605,-0.013347404261000007
Random Forest,-0.7032584307190785,-0.712285016217724,0.009026585498645545
Random Forest,-0.3138337327490603,-0.3492565461647662,0.03542281341570591
Random Forest,-1.5147542085248646,-1.3229562570362492,-0.19179795148861545
Random Forest,0.1921851861700649,0.23296363190946826,-0.04077844573940337
Random Forest,-0.8501671491149535,-0.8417402372092331,-0.008426911905720424
Random Forest,-0.2205583559897746,-0.23451627739899716,0.013957921409222557
Random Forest,-0.3931178029944532,-0.3644445933273992,-0.028673209667054
Random Forest,-0.3674670743856497,-0.22364839052645422,-0.14381868385919547
Random Forest,-1.491435364335043,-1.4218649795833607,-0.06957038475168242
Random Forest,0.161870688723297,0.5219852345202765,-0.36011454579697944
Random Forest,-0.6472932046635069,-0.6864891221921978,0.03919591752869089
Random Forest,-1.2978889575595252,-1.3362069580604907,0.038318000500965566
Random Forest,0.2947881006052792,0.649319389917005,-0.3545312893117258
Random Forest,-0.0946365973647388,0.0178776305926298,-0.1125142279573686
Random Forest,0.6702214920614045,0.801561188627846,-0.1313396965664415
Random Forest,-0.2881830041402567,-0.16705616734579554,-0.12112683679446118
Random Forest,-0.2205583559897746,-0.09554832043085684,-0.12501003555891776
Random Forest,-0.8128569984112392,-0.5309784698385277,-0.28187852857271145
Random Forest,-1.2372599626659897,-1.193721032742178,-0.04353892992381181
Random Forest,-1.3865005654808469,-1.3999679097116793,0.013467344230832401
Random Forest,0.3320982513089935,1.0338667159342068,-0.7017684646252133
Random Forest,-1.2745701133697038,-1.2966804577423297,0.022110344372625823
Random Forest,0.4906663917997793,0.9720648568583286,-0.4813984650585493
Random Forest,0.0242895080033505,0.19714214068546537,-0.17285263268211487
Random Forest,-0.9481062947122036,-0.9362497705863746,-0.011856524125829049
Random Forest,0.2598098343205471,0.846464022875587,-0.5866541885550398
Random Forest,-0.1272829792304888,-0.11115974448976956,-0.01612323474071925
Random Forest,-0.6822714709482391,-0.5213082800217677,-0.1609631909264715
Random Forest,-0.9970758675108286,-1.053521104395886,0.05644523688505754
Random Forest,-0.614646822797757,-0.6219986761092818,0.007351853311524881
Random Forest,-0.9597657168071144,-0.875219834145588,-0.0845458826615264
Random Forest,-0.3138337327490603,-0.22888554997977792,-0.08494818276928237
Random Forest,-1.4308063694415074,-1.3466075696064121,-0.08419879983509526
Random Forest,-0.4257641848602033,-0.29179909079222993,-0.13396509406797336
Random Forest,-0.7312410437468642,-0.7143229160553869,-0.01691812769147727
Random Forest,-1.407487525251686,-1.4212978981537865,0.01381037290210041
Random Forest,-1.0600367468233465,-1.0305976503634662,-0.0294390964598803
Random Forest,-0.5866642097699712,-0.5695701057255653,-0.017094104044405922
Random Forest,-0.7825425009644713,-0.769256141852061,-0.013286359112410273
Random Forest,-0.8478352646959714,-0.9428270688190077,0.09499180412303632
Random Forest,-0.0549945622420423,-0.1509957866535747,0.09600122441153239
Random Forest,-0.470069988820864,-0.4489457372371089,-0.021124251583755083
Random Forest,-1.374841143385936,-1.382541914829694,0.0077007714437580255
Random Forest,-1.4937672487540252,-1.4520195115707712,-0.041747737183253975
Random Forest,-0.1342786324874352,-0.15427313667744638,0.01999450419001117
Random Forest,0.355417095498815,0.22513272909912227,0.13028436639969274
Random Forest,-0.3161656171680425,-0.36152125595145634,0.045355638783413865
Random Forest,-1.279233882207668,-1.3448750814585044,0.06564119925083634
Random Forest,0.6399069946146366,0.5156187062768939,0.12428828833774275
Random Forest,-0.3767946120615782,-0.36739578261990025,-0.00939882944167797
Random Forest,-1.4354701382794717,-1.427655840469001,-0.007814297810470716
Random Forest,-0.5959917474458998,-0.6318955014581852,0.035903754012285405
Random Forest,-1.6290165450549896,-0.7491931959984934,-0.8798233490564962
Random Forest,0.2621417187395292,0.3720118512437943,-0.10987013250426514
Random Forest,-1.1579758924205965,-1.2221351389201638,0.06415924649956728
Random Forest,-0.3488119990337925,-0.3317568309574983,-0.017055168076294203
Random Forest,-1.5264136306197753,-1.43466876695876,-0.09174486366101542
Random Forest,-0.0969684817837209,-0.10626719337513632,0.009298711591415418
Random Forest,-0.6542888579204534,-0.9632025242978496,0.30891366637739615
Random Forest,0.6888765674132616,0.6197961910488129,0.06908037636444875
Random Forest,-0.3581395367097211,-0.3750643602379225,0.016924823528201405
Random Forest,1.376782471012994,1.1437233325129048,0.23305913850008908
Random Forest,-1.136988932649757,-1.1093032551462039,-0.02768567750355322
Random Forest,-1.3865005654808469,-1.4155839673287915,0.029083401847944668
Random Forest,-0.1226192103925245,-0.1592645880279105,0.03664537763538599
Random Forest,-0.3371525769388818,-0.30368984358753925,-0.03346273335134253
Random Forest,-0.1366105169064174,-0.0872461446612596,-0.0493643722451578
Random Forest,0.420709859230315,0.39081129754797606,0.029898561682338953
Random Forest,-0.4280960692791854,-0.507620401075059,0.07952433179587359
Random Forest,1.5656651089505478,0.9555996345029399,0.6100654744476078
Random Forest,-0.8618265712098643,-1.0908528962870554,0.22902632507719112
Random Forest,-1.178962852191436,-1.3145220068370027,0.13555915464556678
Random Forest,0.5676185776261902,0.6878611006335228,-0.12024252300733262
Random Forest,0.1642025731422791,0.07346670308088617,0.09073587006139293
Random Forest,-0.2881830041402567,-0.39630170785042074,0.10811870371016402
Random Forest,0.0499402366121541,0.062371109903148876,-0.012430873290994779
Random Forest,0.4836707385428329,0.35278171925810553,0.13088901928472735
Random Forest,-0.8944729530756143,-0.9392275385320707,0.0447545854564565
Random Forest,-0.9014686063325608,-0.860992715746836,-0.04047589058572476
Random Forest,0.2924562161862971,0.38559041292115737,-0.09313419673486029
Random Forest,-0.3418163457768461,-0.35281906082086817,0.01100271504402206
Random Forest,-1.1346570482307752,-1.1513187951203598,0.01666174688958466
Random Forest,0.9127374716355474,1.0287047214575522,-0.11596724982200479
Random Forest,0.4300373969062436,0.35715858092124214,0.07287881598500145
Random Forest,0.8847548586077617,0.5945133202899835,0.2902415383177782
Random Forest,-1.3585179524530608,-1.313403986769076,-0.045113965683984736
Random Forest,0.2341591057117435,0.15065139782952608,0.08350770788221742
Random Forest,-0.1739206676101317,-0.25945722924673337,0.08553656163660167
Random Forest,-1.4494614447933645,-1.3977482336406457,-0.05171321115271876
Random Forest,-0.8198526516681857,-0.8892376163667842,0.06938496469859856
Random Forest,-0.3907859185754711,-0.4073552800520446,0.016569361476573452
Random Forest,-0.2788554664643282,-0.2692785908881408,-0.00957687557618736
Random Forest,-0.761555541193632,-0.8095482640064783,0.04799272281284628
Random Forest,-0.7662193100315963,-0.8433625177967109,0.07714320776511463
Random Forest,0.2994518694432435,0.1530079191476782,0.14644395029556528
Random Forest,-1.3865005654808469,-1.430390137978098,0.04388957249725123
Random Forest,-1.391164334318811,-1.3169580520775725,-0.07420628224123837
Random Forest,0.3507533266608507,0.25846052239195216,0.09229280426889852
Random Forest,-0.8221845360871678,-0.7676390304492781,-0.054545505637889735
Random Forest,-0.2019032806379174,-0.25193541437866873,0.05003213374075133
Random Forest,-0.4117728783463104,-0.42100721893417725,0.009234340587866874
Random Forest,-1.5124223241058825,-1.4663251675721156,-0.04609715653376689
Random Forest,0.0312851612602969,0.3070052348517789,-0.275720073591482
Random Forest,0.8124664416193152,0.49938601868500787,0.3130804229343074
Random Forest,-0.4304279536981675,-0.44554160368861195,0.015113649990444455
Random Forest,-0.486393179753739,-0.4940410616761299,0.007647881922390853
Random Forest,-0.8781497621427392,-0.8748625204322553,-0.0032872417104838902
Random Forest,-1.3212078017493467,-1.3285813470568695,0.007373545307522766
Random Forest,-0.5773366720940426,-0.56626640501514,-0.011070267078902574
Random Forest,-1.4378020226984538,-1.4318334429398514,-0.0059685797586024325
Random Forest,-0.3464801146148104,-0.3385570238248577,-0.00792309078995268
Random Forest,-0.9107961440084892,-0.8654496726333331,-0.04534647137515613
Random Forest,-0.4980526018486497,-0.49680469197920984,-0.001247909869439845
Random Forest,-0.6402975514065605,-0.6245183891474145,-0.015779162259145996
Random Forest,0.2085083771029399,0.15914921340034038,0.04935916370259952
Random Forest,-1.0856874754321502,-1.1956106540460056,0.10992317861385548
Random Forest,0.3694084020127078,0.4092389856694858,-0.039830583656777996
Random Forest,0.7075316427651187,0.587370508355061,0.12016113441005771
Random Forest,0.2738011408344399,0.16832830475919805,0.10547283607524185
Random Forest,-1.022726596119632,-1.1094644394604822,0.08673784334085033
Random Forest,-0.5750047876750605,-0.5979326189084496,0.02292783123338915
Random Forest,-1.342194761520186,-1.3790611024241133,0.036866340903927375
Random Forest,0.8474447079040474,1.0470852498869025,-0.1996405419828552
Random Forest,-0.0619902154989887,-0.06219831597872966,0.00020810047974095802
Random Forest,-0.2835192353022925,-0.3137894868129151,0.03027025151062257
Random Forest,0.5722823464641544,0.43148706223772443,0.14079528422643
Random Forest,1.7102419429274407,0.8118677518017465,0.8983741911256942
Random Forest,-0.8128569984112392,-0.9417320733083738,0.12887507489713468
Random Forest,-1.2116092340571858,-1.2409357939587078,0.029326559901521998
Random Forest,0.8241258637142259,0.6111470504473856,0.21297881326684032
Random Forest,1.6076390284922264,1.6345383394862205,-0.02689931099399412
Random Forest,0.8917505118647081,0.5486855695684436,0.3430649422962645
Random Forest,-0.3791264964805604,-0.430681526656531,0.05155503017597057
Random Forest,-1.1253295105548464,-1.157213282874964,0.03188377232011752
Random Forest,1.952757922501584,1.7600518313387663,0.19270609116281778
Random Forest,-0.4840612953347569,-0.5382152151327986,0.05415391979804168
Random Forest,0.0709271963829934,0.5276975854768238,-0.4567703890938304
Random Forest,0.5606229243692437,0.6042770232852185,-0.043654098915974826
Random Forest,0.9663708132721368,0.6371659714642645,0.32920484180787235
Random Forest,-0.8011975763163285,-0.8625057933475909,0.061308217031262435
Random Forest,1.001349079556869,1.1753859536567532,-0.17403687409988433
Random Forest,-1.4051556408327035,-1.4034267766558026,-0.0017288641769008795
Random Forest,-0.95510194796915,-0.9223083389099715,-0.0327936090591785
Random Forest,-1.3841686810618643,-1.263551897201931,-0.12061678385993324
Random Forest,0.5163171204085829,0.42137828614209066,0.09493883426649224
Random Forest,0.1898533017510827,0.15922144851121417,0.03063185323986853
Random Forest,-0.728909159327882,-0.7142099377362658,-0.014699221591616185
Random Forest,-0.276523582045346,-0.26562137978882183,-0.010902202256524163
Random Forest,-0.6846033553672213,-0.6508671423531187,-0.03373621301410257
Random Forest,-1.3561860680340787,-1.3935587630840678,0.03737269504998908
Random Forest,0.1968489550080292,0.23977682319691382,-0.04292786818888461
Random Forest,-1.363181721291025,-1.3096335782902833,-0.053548143000741844
Random Forest,-0.7195816216519534,-0.746554442765272,0.026972821113318668
Random Forest,-0.2858511197212746,-0.2603083548133059,-0.025542764907968696
Random Forest,-0.1692568987721674,-0.19136745162181681,0.022110552849649412
Random Forest,-0.6356337825685963,-0.6369435901864247,0.0013098076178283957
Random Forest,0.5932693062349937,0.46668330287087056,0.12658600336412318
Random Forest,0.2178359147788685,0.25145917021258385,-0.03362325543371536
Random Forest,0.145547497790422,0.34571711726789384,-0.20016961947747183
Random Forest,-1.4541252136313287,-1.4033722950438394,-0.050752918587489315
Random Forest,-0.5400265213903284,-0.5312139473810968,-0.008812574009231522
Random Forest,-0.292846772978221,-0.3330567274323615,0.040209954454140495
Random Forest,-0.4117728783463104,-0.3950708479593945,-0.016702030386915867
Random Forest,-1.2535831535988644,-1.2776248671711885,0.024041713572324097
Random Forest,-0.7522280035177035,-0.8222306009764747,0.07000259745877124
Random Forest,-1.4657846357262396,-1.3959720248464522,-0.0698126108797874
Random Forest,-1.246587500341918,-1.1740167220240338,-0.07257077831788417
Random Forest,-0.5843323253509891,-0.5477990475062562,-0.036533277844732925
Random Forest,0.679549029737333,0.2503461780626312,0.4292028516747018
Random Forest,0.8381171702281188,0.5165853149874741,0.32153185524064476
Random Forest,-0.6076511695408106,-0.617831760819591,0.01018059127878046
Random Forest,-0.5330308681333819,-0.6128042244003963,0.07977335626701443
Random Forest,-0.2671960443694174,-0.29307537973597175,0.025879335366554346
Random Forest,0.9174012404735116,0.9279810386596504,-0.010579798186138856
Random Forest,0.6865446829942795,0.81204078274593,-0.12549609975165044
Random Forest,0.0662634275450291,-0.0006020264267611319,0.06686545397179024
Random Forest,-0.0153525271193459,0.01534306349034182,-0.03069559060968772
Random Forest,-0.3184975015870246,-0.29763465981894194,-0.020862841768082674
Random Forest,-1.398159987575757,-1.380113081337534,-0.018046906238223137
Random Forest,-1.1253295105548464,-1.1249188032677668,-0.0004107072870795925
Random Forest,-0.7195816216519534,-0.6995951808413788,-0.019986440810574546
Random Forest,-1.244255615922936,-1.2809579843727439,0.03670236844980779
Random Forest,-0.1436061701633638,-0.20234007446111357,0.05873390429774977
Random Forest,1.4327476970685655,1.6541425399798382,-0.22139484291127265
Random Forest,0.9990171951378868,0.7870509810055754,0.21196621413231143
Random Forest,0.4929982762187615,0.6230017558149671,-0.13000347959620556
Random Forest,0.4486924722581007,0.4852540878016714,-0.03656161554357068
Random Forest,-0.7055903151380606,-0.9425710668257639,0.23698075168770327
Random Forest,1.3487998579852083,1.5503974018865003,-0.20159754390129203
Random Forest,1.8314999327145125,1.817075844870594,0.014424087843918576
Random Forest,1.2228780993601729,1.165924714913082,0.05695338444709086
Random Forest,0.8917505118647081,0.9724870946985256,-0.08073658283381746
Random Forest,1.9061202341219408,1.777838507703924,0.12828172641801672
Random Forest,-1.164971545677543,-1.1449422790969286,-0.020029266580614324
Random Forest,-0.614646822797757,-0.5792028123355388,-0.03544401046221812
Random Forest,0.2085083771029399,0.5635422339198299,-0.35503385681689004
Random Forest,-0.6426294358255427,-0.7077982315145664,0.06516879568902378
Random Forest,0.6935403362512259,0.4548466081393752,0.2386937281118507
Random Forest,-0.1995713962189353,-0.016135069968181565,-0.18343632625075373
Random Forest,-0.260200391112471,-0.28844595383567456,0.028245562723203554
Random Forest,0.8334534013901546,0.7071901566875274,0.12626324470262718
Random Forest,-0.5540178279042212,-0.5811155859220426,0.02709775801782144
Random Forest,0.2691373719964757,0.09883838144407144,0.17029899055240427
Random Forest,-1.3351991082632395,-1.3708339071442526,0.03563479888101306
Random Forest,-1.1066744352029894,-1.0717880273263019,-0.03488640787668751
Random Forest,-0.2158945871518103,-0.359810888760162,0.14391630160835167
Random Forest,1.101620109573101,1.5152696467934954,-0.4136495372203943
Random Forest,0.6912084518322438,0.5956623947190127,0.09554605711323105
Random Forest,0.1175648847626363,0.2877179807177036,-0.1701530959550673
Random Forest,1.3814462398509584,1.4132181461921418,-0.03177190634118343
Random Forest,-1.2325961938280252,-1.282782451059919,0.05018625723189385
Random Forest,1.0759693809642976,0.8447555082213679,0.2312138727429297
Random Forest,-1.004071520767775,-1.1614493443678207,0.1573778236000456
Random Forest,-0.0386713713091673,-0.04924668660849092,0.010575315299323623
Random Forest,-1.3538541836150966,-1.3276948427477078,-0.026159340867388803
Random Forest,-0.2951786573972032,-0.23193978834904533,-0.0632388690481579
Random Forest,0.6422388790336188,0.559623887875326,0.08261499115829274
Random Forest,-1.2815657666266502,-1.2188764285728304,-0.06268933805381982
Random Forest,-0.8548309179529178,-0.8238799622118674,-0.030950955741050334
Random Forest,-0.1529337078392924,0.2145559645401606,-0.36748967237945296
Random Forest,0.5023258138946901,0.5403958354790582,-0.03807002158436812
Random Forest,-1.4004918719947397,-1.3333952689004402,-0.06709660309429943
Random Forest,-0.3837902653185246,-0.38895689372977366,0.005166628411249041
Random Forest,-0.4560786823069711,-0.454398379220097,-0.0016803030868740576
Random Forest,0.7215229492790116,0.6371876428945401,0.08433530638447151
Random Forest,0.4323692813252257,0.43616078571876615,-0.003791504393540479
Random Forest,-1.342194761520186,-1.192320119028046,-0.14987464249214
Random Forest,-0.6776077021102749,-0.6746628560732861,-0.0029448460369887464
Random Forest,-0.2322177780846853,0.05937397761212015,-0.29159175569680545
Random Forest,0.2294953368737792,0.40122877820167097,-0.17173344132789176
Random Forest,-0.777878732126507,-0.7792866658634566,0.0014079337369495848
Random Forest,-0.1599293610962388,-0.1806989690313164,0.020769607935077622
Random Forest,1.068973727707351,1.1659077597293006,-0.09693403202194961
Random Forest,0.0079663170704755,0.12306319442589352,-0.11509687735541801
Random Forest,-1.2815657666266502,-1.2775111417446663,-0.004054624881983937
Random Forest,0.0266213924223326,0.015229542606610191,0.011391849815722409
Random Forest,-1.1766309677724536,-1.1337489978235378,-0.0428819699489158
Random Forest,1.76387528456403,1.7790282555903465,-0.01515297102631652
Random Forest,-0.7079221995570427,-0.8225865174655304,0.11466431790848763
Random Forest,0.6538983011285294,0.7083285528215526,-0.05443025169302318
Random Forest,0.5862736529780472,0.522266792576987,0.06400686040106018
Random Forest,0.4463605878391186,0.609705103561463,-0.16334451572234443
Random Forest,-1.069364284499275,-1.1448432643558117,0.07547897985653673
Random Forest,-0.2555366222745067,-0.3262995418474864,0.0707629195729797
Random Forest,1.2392012902930476,1.221076274726622,0.01812501556642565
Random Forest,1.1622491044666368,0.9006832146079933,0.2615658898586435
Random Forest,2.085675334383566,1.828956862788301,0.25671847159526484
Random Forest,-0.3954496874134354,-0.4044058651711237,0.00895617775768831
Random Forest,-0.6706120488533284,-0.6598482129736017,-0.010763835879726624
Random Forest,1.407096968459762,2.029058983660846,-0.6219620152010841
Random Forest,0.6515664167095473,1.224235496044181,-0.5726690793346337
Random Forest,-0.9667613700640608,-1.0969510077156355,0.13018963765157465
Random Forest,0.1665344575612613,0.5593033131818056,-0.3927688556205443
Random Forest,-0.7405685814227927,-0.7702588086527514,0.029690227229958732
Random Forest,-0.5889960941889534,-0.5727915000751752,-0.01620459411377817
Random Forest,-0.082977175269828,0.04092073920777934,-0.12389791447760734
Random Forest,-0.4444192602120604,-0.45318545437833907,0.008766194166278662
Random Forest,-1.0786918221752035,-1.0165563354492555,-0.06213548672594804
Random Forest,-1.099678781946043,-1.0070313372719204,-0.09264744467412256
Random Forest,-1.4960991331730074,-1.3122617620643457,-0.1838373711086616
Random Forest,-1.3818367966428824,-1.1835487976772963,-0.19828799896558613
Random Forest,-0.0410032557281494,0.3580544522188207,-0.3990577079469701
Random Forest,0.4253736280682793,0.41526218885736754,0.010111439210911732
Random Forest,-0.1412742857443817,-0.14425200303158447,0.00297771728720278
Random Forest,-1.0483773247284358,-0.9803926385234695,-0.06798468620496634
Random Forest,-0.8245164205061499,-0.920037233542124,0.09552081303597404
Random Forest,-0.4654062199828997,-0.4253861694181416,-0.0400200505647581
Random Forest,-1.265242575693775,-1.1876463802086699,-0.07759619548510521
Random Forest,0.0429445833552076,0.33364344429339243,-0.2906988609381848
Random Forest,-1.470448404564204,-1.3480038887143733,-0.12244451584983063
Random Forest,-0.2322177780846853,-0.06601831389325272,-0.16619946419143258
Random Forest,0.5606229243692437,0.4701853735154217,0.09043755085382194
Random Forest,-1.0460454403094537,-1.0255383164319938,-0.0205071238774599
Random Forest,-0.6193105916357212,-0.6102517998919716,-0.009058791743749572
Random Forest,-1.2419237315039535,0.2630830088940967,-1.5050067403980503
Random Forest,-1.3701773745479715,-1.3689329935867072,-0.0012443809612643353
Random Forest,-0.8338439581820785,-0.8216219990787075,-0.012221959103370983
Random Forest,-0.2368815469226496,-0.21547810070838044,-0.02140344621426915
Random Forest,-1.2349280782470071,-1.2349869640367972,5.8885789790075194e-05
Random Forest,0.6189200348437973,0.5365398999547075,0.0823801348890898
Random Forest,-0.3651351899666675,-0.2631605658428438,-0.10197462412382369
Random Forest,-0.470069988820864,-0.4724965306813424,0.002426541860478415
Random Forest,-0.7592236567746499,-0.7994331142818227,0.04020945750717286
Random Forest,-1.4331382538604895,-1.3090992164306663,-0.12403903742982325
Random Forest,-0.2462090845985781,-0.22442947234085342,-0.02177961225772468
Random Forest,-0.9784207921589714,-0.9935995521331958,0.015178759974224465
Random Forest,-1.3048846108164716,-1.1942371642424128,-0.11064744657405878
Random Forest,-0.2042351650568996,-0.19148263587924605,-0.012752529177653543
Random Forest,-1.0157309428626855,-0.6445308750315515,-0.371200067831134
Random Forest,0.7868157130105117,0.5982563135211237,0.18855939948938794
Random Forest,1.2252099837791548,1.1429066567892219,0.08230332698993292
Random Forest,-0.2462090845985781,-0.19979395377740408,-0.04641513082117402
Random Forest,0.8684316676748867,0.6630714536350657,0.20536021403982097
Random Forest,-1.3328672238442574,-1.333625751747374,0.0007585279031165904
Random Forest,0.1268924224385648,0.15070822537242234,-0.023815802933857544
Random Forest,-1.2069454652192215,-1.1873215896038938,-0.019623875615327746
Random Forest,-0.4793975264967925,-0.6042878138717405,0.12489028737494795
Random Forest,-0.6402975514065605,-0.701362161515485,0.0610646101089245
Random Forest,0.0685953119640112,0.22463852393061057,-0.15604321196659937
Random Forest,0.6865446829942795,0.5515256262060223,0.1350190567882572
Random Forest,-0.3045061950731317,-0.2993607150950188,-0.005145479978112877
Random Forest,-0.5400265213903284,-0.8612617376341325,0.32123521624380413
Random Forest,-1.0064034051867572,-1.165727195853892,0.15932379066713476
Random Forest,1.5819882998834227,1.4928300248713324,0.08915827501209028
Random Forest,0.7075316427651187,0.660266694792714,0.04726494797240466
Random Forest,2.309536238605852,1.880603900079688,0.4289323385261641
Random Forest,1.094624456316155,1.0382579768531768,0.056366479462978125
Random Forest,-0.4957207174296676,-0.4945839540837853,-0.0011367633458823079
Random Forest,-0.6239743604736855,-0.3644790506400439,-0.2594953098336416
Random Forest,1.7918578975918158,1.9681840803927924,-0.17632618280097656
Random Forest,-0.1109597882976138,-0.22933853434685844,0.11837874604924464
Random Forest,2.4727681479346018,1.8186680661095507,0.6541000818250511
Random Forest,1.309157822862512,1.1287686796163068,0.18038914324620525
Random Forest,-0.8828135309807035,-0.843619409989762,-0.03919412099094144
Random Forest,1.2555244812259223,1.3060121842464474,-0.050487703020525077
Random Forest,-1.0157309428626855,-1.0669639144336598,0.051232971570974284
Random Forest,0.5559591555312794,0.5922518574481022,-0.03629270191682277
Random Forest,0.2504822966446185,0.11350024041510064,0.13698205622951787
Random Forest,-0.8851454153996857,-0.8722619545237806,-0.012883460875905084
Random Forest,-0.4024453406703818,-0.39460798056213386,-0.007837360108247926
Random Forest,-1.02039471170065,-1.0305657277571258,0.010171016056475857
Random Forest,-0.3184975015870246,-0.3122787130512893,-0.00621878853573532
Random Forest,0.3740721708506722,0.39372922948747335,-0.019657058636801172
Random Forest,-0.6682801644343462,-0.6529394451074111,-0.015340719326935148
Random Forest,-1.3212078017493467,-1.2869996241547013,-0.03420817759464545
Random Forest,-1.4378020226984538,-1.388346543050995,-0.04945547964745889
Random Forest,-1.3328672238442574,-1.255983350701792,-0.07688387314246548
Random Forest,-0.1739206676101317,-0.2023672135969595,0.028446545986827804
Random Forest,-0.3697989588046318,-0.40148676661466454,0.03168780781003272
Random Forest,0.3577489799177971,0.3862551712389711,-0.02850619132117399
Random Forest,-1.4564570980503109,-1.400648279251375,-0.055808818798935844
Random Forest,-0.2881830041402567,-0.2789299625190153,-0.009253041621241409
Random Forest,-0.7079221995570427,-0.7110830671707541,0.003160867613711371
Random Forest,0.210840261521922,0.26485246539286383,-0.05401220387094183
Random Forest,-1.1206657417168822,-1.0905929697993773,-0.030072771917504904
Random Forest,-0.1832482052860602,-0.1570024537275621,-0.026245751558498093
Random Forest,0.6585620699664937,0.4987705724082566,0.15979149755823707
Random Forest,0.2924562161862971,0.25180675816360154,0.04064945802269554
Random Forest,-1.342194761520186,-1.2580218712947853,-0.08417289022540064
Random Forest,-0.9737570233210072,-1.0226341822471403,0.04887715892613309
Random Forest,-0.4817294109157747,-0.4867707954572019,0.0050413845414272185
Random Forest,-1.5170860929438468,-1.4040479643439017,-0.11303812859994511
Random Forest,-0.388454034156489,-0.35848539468220714,-0.029968639474281855
Random Forest,-0.728909159327882,-0.7289912414138388,8.208208595672506e-05
Random Forest,-1.2675744601127572,-1.2138038511695213,-0.05377060894323593
Random Forest,-1.491435364335043,-1.3693627283973362,-0.1220726359377069
Random Forest,0.6585620699664937,0.5543960054315052,0.10416606453498845
Random Forest,-0.8478352646959714,-0.8447604905423162,-0.003074774153655202
Random Forest,-0.5400265213903284,-0.499706451658067,-0.04032006973226138
Random Forest,-0.9364468726172928,-0.9841569685268918,0.04771009590959907
Random Forest,0.5862736529780472,0.2119989814043353,0.37427467157371197
Random Forest,-0.5866642097699712,-0.597124402712456,0.010460192942484792
Random Forest,-0.0876409441077923,-0.13522797857147217,0.04758703446367987
Random Forest,0.0382808145172434,0.026143594480764257,0.01213722003647914
Random Forest,-0.2415453157606139,-0.06322933439526489,-0.17831598136534899
Random Forest,-1.2349280782470071,-1.0938046047587375,-0.1411234734882696
Random Forest,0.7401780246308688,1.0249473804356426,-0.2847693558047738
Random Forest,-0.1016322506216852,-0.13410348284836104,0.03247123222667585
Random Forest,-0.777878732126507,-0.7986413557998905,0.02076262367338344
Random Forest,-1.4844397110780967,-1.357003658411227,-0.12743605266686964
Random Forest,0.6375751101956545,0.7468823622342643,-0.1093072520386098
Random Forest,-0.7498961190987213,-0.7191405360581694,-0.030755583040551926
Random Forest,0.6095924971678687,0.6000231663673998,0.009569330800468845
Random Forest,1.0596461900314225,1.641518642911264,-0.5818724528798416
Random Forest,-1.1836266210294002,-1.2533797037366454,0.06975308270724523
Random Forest,-0.4001134562513997,-0.39810004139889793,-0.0020134148525017825
Random Forest,-0.5983236318648819,-0.8824228143634415,0.2840991824985596
Random Forest,-0.7662193100315963,-0.6255065813898907,-0.1407127286417056
Random Forest,0.6982041050891902,0.975145802141159,-0.2769416970519688
Random Forest,1.4164245061356906,1.5003728191564911,-0.08394831302080052
Random Forest,0.7425099090498509,0.6772586919122752,0.06525121713757576
Random Forest,-0.5120439083625427,-0.4238324876654807,-0.08821142069706195
Random Forest,-0.8501671491149535,-0.845330793062729,-0.004836356052224544
Random Forest,0.9756983509480652,1.2358752886247717,-0.26017693767670647
Random Forest,1.9550898069205656,1.724767341506112,0.23032246541445356
Random Forest,-0.8501671491149535,-0.8031853518327953,-0.04698179728215823
Random Forest,-1.2675744601127572,-1.151192715946295,-0.1163817441664623
Random Forest,1.3651230489180834,1.799987369763342,-0.4348643208452585
Random Forest,1.295166516348619,1.2556707390032325,0.03949577734538656
Random Forest,0.1968489550080292,0.2937876855559936,-0.0969387305479644
Random Forest,-0.7312410437468642,-0.7355811675050383,0.004340123758174164
Random Forest,-0.292846772978221,-0.07238868140202694,-0.22045809157619406
Random Forest,-0.243877200179596,-0.22353075198716577,-0.020346448192430228
Random Forest,-1.1906222742863466,-1.096130609201196,-0.09449166508515061
Random Forest,-0.5237033304574533,-0.5479804916584763,0.024277161201022968
Random Forest,-1.4051556408327035,-1.2839085467717641,-0.12124709406093936
Random Forest,0.1805257640751542,0.31394232538234607,-0.13341656130719187
Random Forest,-1.4681165201452218,-1.4274968265313415,-0.04061969361388029
Random Forest,-0.6426294358255427,-0.6039824513677569,-0.038646984457785805
Random Forest,-1.178962852191436,-1.1135723842224063,-0.06539046796902959
Random Forest,0.112901115924672,0.017911308344813196,0.09498980757985881
Random Forest,-0.9201236816844178,-0.9918588127650165,0.0717351310805987
Random Forest,-0.2065670494758817,-0.32725082717098886,0.12068377769510716
Random Forest,-0.2485409690175603,-0.2832481723695798,0.03470720335201949
Random Forest,0.5373040801794222,0.3637338692385847,0.17357021094083752
Random Forest,-1.5450687059716324,-1.464281466835975,-0.08078723913565744
Random Forest,-0.4234323004412211,-0.21680529100587217,-0.20662700943534892
Random Forest,-1.3865005654808469,-1.3215422042629557,-0.06495836121789123
Random Forest,-0.5936598630269176,-0.5867112999757317,-0.006948563051185963
Random Forest,-0.0806452908508459,-0.09755136777968838,0.01690607692884248
Random Forest,-0.9597657168071144,-1.0148300898058584,0.055064372998744004
Random Forest,-1.491435364335043,-1.456527370612962,-0.03490799372208109
Random Forest,-0.7032584307190785,-0.6715218770531524,-0.03173655366592609
Random Forest,0.4300373969062436,0.42828873302219495,0.0017486638840486513
Random Forest,0.2901243317673149,0.19987189754393414,0.09025243422338075
Random Forest,-0.679939586529257,-0.700640061225709,0.020700474696451976
Random Forest,-1.230264309409043,-1.2972140508314263,0.06694974142238319
Random Forest,-0.4234323004412211,-0.41353262134576385,-0.009899679095457248
Random Forest,-1.2838976510456324,-1.186966060159336,-0.09693159088629644
Random Forest,-0.0946365973647388,-0.009771925206099194,-0.0848646721586396
Random Forest,-0.5703410188370962,-0.5489081869938356,-0.021432831843260614
Random Forest,0.5093214671516365,0.39681350859938963,0.11250795855224688
Random Forest,-1.0157309428626855,-0.9968593275258973,-0.01887161533678816
Random Forest,-0.8221845360871678,-0.8233068717366111,0.0011223356494433068
Random Forest,0.5676185776261902,0.47708939036376097,0.0905291872624292
Random Forest,-1.489103479916061,-1.406537638265731,-0.08256584165032987
Random Forest,0.8987461651216546,0.8192104298341378,0.07953573528751678
Random Forest,-1.1882903898673645,-1.1610453494069661,-0.02724504046039833
Random Forest,0.7261867181169759,0.7859162570166773,-0.05972953889970145
Random Forest,-1.4774440578211503,-1.3674613184309257,-0.10998273939022463
Random Forest,-0.6752758176912927,-0.7051335390321269,0.029857721340834198
Random Forest,-0.1319467480684531,-0.10564056308158959,-0.026306184986863518
Random Forest,-0.3814583808995425,-0.3853051301682408,0.003846749268698324
Random Forest,-0.3837902653185246,-0.6916633540925561,0.30787308877403147
Random Forest,-0.1972395117999531,-0.1256237460856695,-0.0716157657142836
Random Forest,-0.728909159327882,-0.5392603525282026,-0.18964880679967944
Random Forest,0.2784649096724042,0.2651033263024447,0.013361583369959518
Random Forest,-1.633680313892954,-1.33629876042139,-0.29738155347156403
Random Forest,0.2877924473483328,0.3320303135456237,-0.044237866197290865
Random Forest,-0.9131280284274714,-0.8786461150052496,-0.034481913422221844
Random Forest,0.2598098343205471,0.3065826096922035,-0.046772775371656417
Random Forest,-0.5633453655801498,-0.35396308989230635,-0.20938227568784346
Random Forest,0.8264577481332082,0.9068490037845337,-0.08039125565132554
Random Forest,0.6072606127488865,1.0113678363614773,-0.40410722361259077
Random Forest,-0.9481062947122036,-0.9013062822508691,-0.046800012461334584
Random Forest,0.5233127736655294,0.7736040568862864,-0.250291283220757
Random Forest,-0.2228902404087567,4.8646674520132865e-05,-0.22293888708327683
Random Forest,0.5582910399502615,0.8565607987814737,-0.2982697588312122
Random Forest,1.0969563407351368,0.7713752757492927,0.32558106498584416
Random Forest,-1.3212078017493467,-1.3685196574678395,0.047311855718492835
Random Forest,0.5093214671516365,0.6213540446535298,-0.11203257750189333
Random Forest,-0.777878732126507,-0.7328141235996497,-0.04506460852685734
Random Forest,-0.8944729530756143,-0.9322053483100444,0.03773239523443017
Random Forest,-1.1859585054483823,-1.2042747083403456,0.01831620289196323
Random Forest,0.0196257391653862,0.1505750842813108,-0.1309493451159246
Random Forest,-1.3678454901289896,-1.4060656074903632,0.03822011736137365
Random Forest,-0.1086279038786316,-0.0010119379803483197,-0.10761596589828328
Random Forest,-1.036717902633525,-0.9882934094333637,-0.04842449320016118
Random Forest,-0.1972395117999531,-0.23403978212448182,0.036800270324528706
Random Forest,-0.6099830539597927,-0.6437945587983818,0.03381150483858908
Random Forest,-0.5610134811611677,-0.26187165600009227,-0.2991418251610754
Random Forest,-0.5796685565130247,-0.5782478311862923,-0.0014207253267324305
Random Forest,-1.0553729779853822,-1.208680978124246,0.1533080001388638
Random Forest,-0.6776077021102749,-0.8966854423845465,0.21907774027427163
Random Forest,0.4440287034201364,0.4925298816621329,-0.04850117824199651
Random Forest,0.3857315929455829,0.2559244524889892,0.1298071404565937
Random Forest,-0.1272829792304888,-0.19613733054939478,0.06885435131890597
Random Forest,-1.2512512691798825,-1.2569414582835179,0.00569018910363539
Random Forest,-0.292846772978221,-0.30785232010186014,0.015005547123639162
Random Forest,-1.0553729779853822,-0.834213925137433,-0.22115905284794923
Random Forest,0.905741818378601,0.8546847412895598,0.05105707708904117
Random Forest,-0.5237033304574533,-0.5231669414180613,-0.0005363890393920157
Random Forest,0.1805257640751542,0.2871963124152913,-0.10667054834013712
Random Forest,0.6515664167095473,0.6137421798442639,0.037824236865283356
Random Forest,-1.2022816963812573,-1.1994621843438873,-0.0028195120373699645
Random Forest,-0.9131280284274714,-0.9163183335858448,0.0031903051583733744
Random Forest,-0.9760889077399892,-0.9844053103090505,0.008316402569061299
Random Forest,-0.3674670743856497,-0.357084808015214,-0.010382266370435711
Random Forest,-1.3865005654808469,-1.3129740356321886,-0.07352652984865826
Random Forest,-0.0853090596888102,0.07985119934417749,-0.1651602590329877
Random Forest,-1.050709209147418,-1.0175344791352665,-0.03317473001215143
Random Forest,0.8124664416193152,0.6520720249619754,0.1603944166573399
Random Forest,-0.5306989837143997,-0.43708818933462595,-0.09361079437977377
Random Forest,-1.0856874754321502,-1.1444253447652035,0.05873786933305336
Random Forest,0.2504822966446185,0.2909409695950498,-0.04045867295043126
Random Forest,-0.325493154843971,-0.33951359417212684,0.014020439328155831
Random Forest,-0.7149178528139891,-0.7497477128936993,0.03482986007971023
Random Forest,-0.0083568738623994,0.01070248680882867,-0.01905936067122807
Random Forest,-1.4564570980503109,-1.379973205532653,-0.07648389251765786
Random Forest,-1.0926831286890966,-1.1297789452255034,0.03709581653640681
Random Forest,0.4137142059733686,0.655193049787128,-0.2414788438137594
Random Forest,-0.2975105418161853,-0.2877946998704561,-0.00971584194572922
Random Forest,-0.6472932046635069,-0.656499859085673,0.00920665442216606
Random Forest,-1.377173027804918,-1.3953839816655298,0.01821095386061189
Random Forest,0.7238548336979937,0.7989519456114483,-0.07509711191345458
Random Forest,-0.7522280035177035,-0.8172927788919614,0.06506477537425792
Random Forest,-0.0083568738623994,0.2381730844066515,-0.2465299582690509
Random Forest,0.0266213924223326,0.03928753106051028,-0.012666138638177678
Random Forest,1.2625201344828691,1.1339229236653312,0.12859721081753794
Random Forest,0.6632258388044581,0.5552985271527355,0.10792731165172254
Random Forest,-0.5750047876750605,-0.8169951099101336,0.2419903222350731
Random Forest,1.344136089147244,1.225669708790661,0.11846638035658308
Random Forest,-1.2092773496382037,-1.1253837988600095,-0.08389355077819416
Random Forest,-0.194907627380971,-0.30201520007238886,0.10710757269141785
Random Forest,-0.6566207423394356,-0.6859965984308475,0.02937585609141191
Random Forest,0.3833997085266007,0.3039728231206251,0.07942688540597559
Random Forest,0.8474447079040474,0.6268909156888698,0.22055379221517757
Random Forest,-0.0526626778230602,0.12310765510739706,-0.17577033293045727
Random Forest,1.4630621945153337,1.4574028672167054,0.0056593272986282805
Random Forest,-0.7032584307190785,-0.721705480184892,0.018447049465813548
Random Forest,-0.4001134562513997,-0.45142280844207894,0.051309352190679225
Random Forest,-0.840839611439025,-0.775809093156743,-0.06503051828228201
Random Forest,1.8991245808649944,1.5546279460607433,0.3444966348042511
Random Forest,-1.2256005405710788,-1.015259481809879,-0.2103410587611998
Random Forest,0.9337244314063868,0.9055654942665005,0.028158937139886375
Random Forest,0.8917505118647081,0.828694065157987,0.06305644670672106
Random Forest,-1.3188759173303646,-1.2321571947565233,-0.08671872257384128
Random Forest,-0.6286381293116499,-0.6154084093459502,-0.01322971996569966
Random Forest,-0.2555366222745067,0.006675703344299725,-0.2622123256188064
Random Forest,-0.3045061950731317,-0.1647086180839761,-0.1397975769891556
Random Forest,-0.7638874256126141,-0.7432784482672029,-0.020608977345411228
Random Forest,-1.001739636348793,-1.0181052433541322,0.01636560700533929
Random Forest,-0.810525113992257,-0.7394797163637459,-0.07104539762851114
Random Forest,-1.2092773496382037,-1.1256059812012162,-0.08367136843698741
Random Forest,-1.5637237813234897,-1.3116260929600845,-0.2520976883634052
Random Forest,-0.6239743604736855,-0.49860436009195164,-0.12537000038173385
Random Forest,-1.230264309409043,-1.1547968891704463,-0.07546742023859676
Random Forest,-0.0106887582813816,0.04157965760449285,-0.05226841588587445
Random Forest,-0.88980918423765,-0.8888903375550063,-0.000918846682643637
Random Forest,-0.502716370686614,-0.502379996468813,-0.0003363742178009721
Random Forest,-1.0623686312423286,-1.0804515694829044,0.01808293824057583
Random Forest,-1.4984310175919895,-1.427312073212826,-0.07111894437916355
Random Forest,-0.0759815220128816,-0.005183750296198569,-0.07079777171668303
Random Forest,-0.5353627525523641,-0.52678358956586,-0.008579162986504074
Random Forest,-0.7452323502607571,-0.7604821382217666,0.015249787961009509
Random Forest,-1.4308063694415074,-1.2320817868244467,-0.19872458261706072
Random Forest,-0.325493154843971,-0.30017246745061876,-0.025320687393352248
Random Forest,-0.1319467480684531,0.022190935522033828,-0.15413768359048693
Random Forest,-0.0876409441077923,0.14822631175837978,-0.23586725586617208
Random Forest,-1.4284744850225253,-1.428286515713756,-0.00018796930876918694
Random Forest,-0.924787450522382,-0.9960014990390673,0.07121404851668534
Random Forest,-0.728909159327882,-0.7318039763921604,0.00289481706427841
Random Forest,-0.9434425258742392,-0.8919436602287412,-0.05149886564549799
Random Forest,-1.0763599377562214,-1.0402098998556868,-0.036150037900534615
Random Forest,-0.8688222244668107,-0.8494981758174736,-0.019324048649337122
Random Forest,0.33909390456594,0.18255364023332227,0.15654026433261775
Random Forest,-0.0456670245661137,0.006357568219772916,-0.052024592785886614
Random Forest,-0.7452323502607571,-0.7267591885449688,-0.018473161715788278
Random Forest,-1.3538541836150966,-1.206330232591524,-0.14752395102357263
Random Forest,-0.7708830788695606,-0.7344879063789791,-0.03639517249058155
Random Forest,-1.4471295603743823,-1.3739309920914586,-0.0731985682829237
Random Forest,-0.3837902653185246,-0.3516843802980559,-0.03210588502046874
Random Forest,0.4673475476099579,0.5270990955556241,-0.05975154794566617
Random Forest,-0.7335729281658463,-0.8455226147788552,0.11194968661300886
Random Forest,-0.4094409939273282,-0.3861525155201469,-0.02328847840718129
Random Forest,-0.3068380794921139,-0.2934007675924883,-0.013437311899625604
Random Forest,-1.1766309677724536,-1.1948253054515992,0.018194337679145578
Random Forest,0.3600808643367792,0.4283081931775926,-0.0682273288408134
Random Forest,-1.4354701382794717,-1.3822389441888712,-0.05323119409060051
Random Forest,-0.8804816465617213,-0.8144706007891656,-0.06601104577255579
Random Forest,-0.3021743106541496,-0.19322382586896814,-0.10895048478518149
Random Forest,-0.5073801395245783,-0.4623930259937403,-0.04498711353083795
Random Forest,-0.6962627774621319,-0.5847353025103255,-0.11152747495180648
Random Forest,0.3344301357279757,0.333852226316829,0.0005779094111467153
Random Forest,-0.7149178528139891,-0.8533214299681393,0.1384035771541502
Random Forest,0.4137142059733686,0.4302701919724274,-0.016555985999058775
Random Forest,1.488712923124137,1.2790543284652174,0.20965859465891956
Random Forest,-1.2395918470849716,-1.2994122939995636,0.059820446914591985
Random Forest,0.5932693062349937,0.4722735202315217,0.12099578600347205
Random Forest,1.2741795565777798,1.2391257961588902,0.035053760418889635
Random Forest,-1.230264309409043,-1.185193078866912,-0.045071230542131024
Random Forest,1.2718476721587977,1.5550097435111394,-0.2831620713523417
Random Forest,-0.2158945871518103,0.21401758573439456,-0.42991217288620487
Random Forest,-1.1066744352029894,-0.835371145789366,-0.27130328941362336
Random Forest,0.9453838535012976,0.8652049474363942,0.08017890606490341
Random Forest,1.9037883497029584,1.6594281974191332,0.24436015228382524
Random Forest,-0.9877483298349,-0.8983735261357869,-0.0893748036991131
Random Forest,0.5396359645984043,0.6061948401816074,-0.06655887558320306
Random Forest,-0.3418163457768461,-0.3999308253132208,0.058114479536374664
Random Forest,-1.5637237813234897,-1.4363321579466202,-0.1273916233768695
Random Forest,-0.2741916976263639,-0.25171656797652275,-0.022475129649841163
Random Forest,-0.9994077519298108,-1.0857777986088197,0.08637004667900894
Random Forest,-0.5400265213903284,-0.5710544859577052,0.031027964567376887
Random Forest,-0.4724018732398461,-0.4102928336038159,-0.062109039636030206
Random Forest,-0.3767946120615782,-0.23941096065780973,-0.1373836514037685
Random Forest,-1.1859585054483823,-1.0862617918631539,-0.09969671358522847
Random Forest,-1.4214788317655789,-1.3176954277752706,-0.10378340399030828
Random Forest,-0.7009265463000963,-0.6612151712613377,-0.039711375038758656
Random Forest,-0.8035294607353106,-0.7600130781750607,-0.04351638256024992
Random Forest,-0.0783134064318638,-0.17999598561400268,0.10168257918213888
Random Forest,-0.519039561619489,-0.516341437295718,-0.002698124323771034
Random Forest,-0.0596583310800066,-0.14396298171499605,0.08430465063498946
Random Forest,-1.0880193598511323,-1.056065300088345,-0.0319540597627872
Random Forest,-1.3958281031567752,-1.3195390173425223,-0.07628908581425287
Random Forest,-0.7895381542214177,-0.7557457755901882,-0.033792378631229525
Random Forest,-1.1416527014877216,-1.0474191653556741,-0.09423353613204744
Random Forest,-1.5264136306197753,-1.484741282352259,-0.04167234826751631
Random Forest,-0.145938054582346,-0.06805248913243138,-0.07788556544991461
Random Forest,-0.5470221746472748,-0.5726262443089577,0.025604069661682938
Random Forest,-0.7312410437468642,-0.7280289181868949,-0.0032121255599693033
Random Forest,-0.9620976012260964,-1.0101439855112275,0.04804638428513108
Random Forest,-1.3468585303581502,-1.3239471489812926,-0.022911381376857554
Random Forest,-1.4774440578211503,-1.4451638766897057,-0.032280181131444596
Random Forest,-1.0926831286890966,-1.0586192905373306,-0.034063838151765946
Random Forest,0.1991808394270113,0.15143450507039216,0.04774633435661915
Random Forest,-0.679939586529257,-0.6280127711236022,-0.0519268154056548
Random Forest,-0.2718598132073818,-0.3139503180925423,0.04209050488516053
Random Forest,-1.470448404564204,-1.3069237345804046,-0.16352466998379933
Random Forest,-1.5264136306197753,-1.4461826599345453,-0.08023097068523
Random Forest,0.1525431510473684,0.11914739783969452,0.03339575320767388
Random Forest,-0.95510194796915,-0.9661771553247017,0.011075207355551675
Random Forest,-1.2092773496382037,-1.0350581304688273,-0.17421921916937633
Random Forest,-0.7592236567746499,-0.756625099843762,-0.002598556930887841
Random Forest,0.0639315431260469,0.04356196084610554,0.020369582279941366
Random Forest,-0.6659482800153641,-0.6266801246651967,-0.039268155350167366
Random Forest,0.1898533017510827,0.3737776867993765,-0.1839243850482938
Random Forest,-0.9527700635501678,-0.8687232443404902,-0.0840468192096776
Random Forest,0.0942460405728148,0.25319383741506424,-0.15894779684224944
Random Forest,-0.8501671491149535,-0.8526668177079777,0.0024996685930241958
Random Forest,-0.551685943485239,-0.5695308631501939,0.017844919664954828
Random Forest,-1.2559150380178463,-1.2660473510615213,0.010132313043675012
Random Forest,-0.3021743106541496,-0.19888646904368193,-0.1032878416104677
Random Forest,-1.393496218737793,-1.3809648626126103,-0.012531356125182747
Random Forest,-0.4957207174296676,-0.5046474690630328,0.008926751633365204
Random Forest,-1.3655136057100077,-1.2863082507223236,-0.0792053549876841
Random Forest,0.5256446580845116,0.23355512916429988,0.29208952892021167
Random Forest,-0.7732149632885428,-0.5090917175241054,-0.26412324576443735
Random Forest,0.8614360144179403,0.966802623084702,-0.10536660866676173
Random Forest,-0.7848743853834534,-0.9690007110278839,0.18412632564443043
Random Forest,1.129602722600887,1.116139950963421,0.013462771637466009
Random Forest,0.3041156382812078,0.2535402830806878,0.05057535520051998
Random Forest,-0.2322177780846853,-0.43082823683440336,0.19861045874971806
Random Forest,0.3134431759571364,0.3084930618900775,0.004950114067058864
Random Forest,-0.9457744102932214,-0.9038921587154269,-0.04188225157779446
Random Forest,-1.2232686561520965,-1.2451581265994838,0.021889470447387316
Random Forest,-0.9084642595895072,-0.821777596034373,-0.08668666355513421
Random Forest,0.9896896574619582,1.3443098472755013,-0.35462018981354304
Random Forest,-0.5330308681333819,-0.5321293934910062,-0.0009014746423756659
Random Forest,-0.1132916727165959,0.3029406452476659,-0.4162323179642618
Random Forest,0.856772245579976,0.9168991463786725,-0.060126900798696536
Random Forest,1.9061202341219408,1.5463351544972717,0.3597850796246691
Random Forest,0.7798200597535653,0.7912955837385202,-0.011475523984954883
Random Forest,-1.1626396612585608,-1.077426487899644,-0.08521317335891676
Random Forest,-1.167303430096525,-1.081424867715992,-0.08587856238053293
Random Forest,-1.360849836872043,-1.3015931076700642,-0.059256729201978775
Random Forest,-0.6659482800153641,-0.6685572766950791,0.0026089966797150366
Random Forest,-0.3767946120615782,-0.3145042568213645,-0.0622903552402137
Random Forest,-0.630970013730632,-0.654260778135425,0.023290764404793052
Random Forest,-0.761555541193632,-0.8117061919874348,0.050150650793802765
Random Forest,-0.2741916976263639,-0.2646418652159177,-0.009549832410446213
Random Forest,-1.538073052714686,-1.3723351896479532,-0.16573786306673277
Random Forest,-0.3184975015870246,-0.26289778309836953,-0.05559971848865508
Random Forest,-0.8011975763163285,-0.7691445396971278,-0.03205303661920067
Random Forest,-1.1393208170687394,-1.1100589459788435,-0.029261871089895974
Random Forest,-1.1882903898673645,-1.1276882155163659,-0.06060217435099857
Random Forest,-0.0479989089850959,-0.07657118622130929,0.02857227723621339
Random Forest,-1.4937672487540252,-1.4558925407024585,-0.037874708051566675
Random Forest,-0.5167076772005069,-0.5335978055132343,0.016890128312727404
Random Forest,-0.4747337576588283,-0.4810190676680433,0.006285310009215006
Random Forest,-1.4004918719947397,-1.3107571630593002,-0.08973470893543944
Random Forest,-1.521749861781811,-1.4385170720329894,-0.08323278974882165
Random Forest,-0.6123149383787748,-0.6301673893876242,0.017852451008849357
Random Forest,-1.0250584805386145,-1.0411074484452838,0.01604896790666932
Random Forest,-1.0273903649575964,-1.0737199657835368,0.0463296008259404
Random Forest,-0.1226192103925245,-0.11734843135480826,-0.00527077903771625
Random Forest,-1.3818367966428824,-1.3177158938098057,-0.0641209028330767
Random Forest,-0.4280960692791854,-0.3757608633517031,-0.05233520592748231
Random Forest,-0.6193105916357212,-0.5700763390435387,-0.049234252592182504
Random Forest,-0.1669250143531852,0.09003639343023766,-0.25696140778342286
Random Forest,-0.0246800647952744,-0.008099335096080068,-0.01658072969919433
Random Forest,-1.4284744850225253,-1.3057920307647009,-0.12268245425782442
Random Forest,-0.453746797887989,-0.45140365937838517,-0.002343138509603826
Random Forest,-1.540404937133668,-1.428140039859338,-0.11226489727433009
Random Forest,-0.7102540839760249,-0.6632546750759047,-0.04699940890012011
Random Forest,-0.9457744102932214,-0.8566467979303087,-0.08912761236291267
Random Forest,-0.6356337825685963,-0.6229294408001197,-0.012704341768476568
Random Forest,0.2341591057117435,0.08952946575231942,0.14462963995942407
Random Forest,-1.1463164703256858,-0.99547178171803,-0.15084468860765587
Random Forest,-1.4541252136313287,-1.3870973057798115,-0.06702790785151724
Random Forest,-0.1809163208670781,-0.1539824304591383,-0.02693389040793981
Random Forest,-0.5446902902282926,-0.54282272800061,-0.0018675622276825843
Random Forest,0.2481504122256363,0.2565927551475808,-0.008442342921944485
Random Forest,-1.1906222742863466,-1.2515912357929015,0.06096896150655495
Random Forest,0.1968489550080292,0.418278821445374,-0.22142986643734477
Random Forest,-0.8361758426010606,-0.8473586815216649,0.011182838920604343
Random Forest,-0.6752758176912927,-0.6494683601802137,-0.025807457511079046
Random Forest,-1.036717902633525,-0.9073438313936045,-0.1293740712399204
Random Forest,-0.6776077021102749,-0.7094842150636994,0.03187651295342453
Random Forest,1.211218677265262,1.1019590902635858,0.10925958700167615
Random Forest,-0.1179554415545602,-0.09642875619027211,-0.02152668536428809
Random Forest,0.6655577232234402,0.6010015553360653,0.06455616788737495
Random Forest,0.9640389288531546,0.9443889988543772,0.01964992999877735
Random Forest,0.2504822966446185,0.12359990095761415,0.12688239568700438
Random Forest,-1.1463164703256858,-1.307308097323611,0.16099162699792524
Random Forest,-0.8268483049251321,-0.7980845811162747,-0.02876372380885739
Random Forest,-0.8245164205061499,-0.9281484040311258,0.10363198352497582
Random Forest,1.8105129729436729,1.4628726644470953,0.34764030849657757
Random Forest,-0.0246800647952744,0.5686104105681584,-0.5932904753634328
Random Forest,-0.4071091095083461,-0.4432708340391349,0.03616172453078881
Random Forest,-0.7475642346797392,-0.7637528472314091,0.016188612551669923
Random Forest,0.985025888623994,1.0352579323739115,-0.05023204374991752
Random Forest,0.388063477364565,0.27034729685942543,0.11771618050513954
Random Forest,0.7028678739271544,0.729782394760334,-0.026914520833179578
Random Forest,-1.1952860431243109,-1.0752155386974453,-0.12007050442686551
Random Forest,-0.95510194796915,-0.9217267706800493,-0.03337517728910078
Random Forest,-0.1366105169064174,-0.0300364692981851,-0.1065740476082323
Random Forest,-1.3538541836150966,-0.04391926378163242,-1.3099349198334642
Random Forest,-0.7312410437468642,-0.7672865141250956,0.03604547037823147
Random Forest,-0.1902438585430067,-0.2187373053338353,0.028493446790828603
Random Forest,-0.8151888828302214,-0.7142969440851559,-0.10089193874506552
Random Forest,-1.5124223241058825,-1.3721143962744342,-0.1403079278314483
Random Forest,-1.2722382289507217,-1.1590000220514949,-0.11323820689922681
Random Forest,-1.2838976510456324,-1.1628171052204486,-0.1210805458251838
Random Forest,-1.4051556408327035,-1.3079703647334129,-0.09718527609929062
Random Forest,-1.0157309428626855,-0.902948570578986,-0.11278237228369947
Random Forest,-1.3585179524530608,-0.8152603983564992,-0.5432575540965616
Random Forest,-0.1482699390013281,-0.10857882695641907,-0.03969111204490902
Random Forest,-1.398159987575757,-1.3235915428585443,-0.0745684447172128
Random Forest,-1.2069454652192215,-1.131484934502944,-0.07546053071627745
Random Forest,-1.5567281280665433,-1.471857816543909,-0.08487031152263436
Random Forest,-0.3068380794921139,-0.2921843404748745,-0.014653739017239376
Random Forest,-0.7149178528139891,-0.7040087957043868,-0.010909057109602327
Random Forest,-1.2908933043025788,-1.1778882977183358,-0.11300500658424295
Random Forest,-1.5170860929438468,-1.3426855345931354,-0.17440055835071133
Random Forest,-1.5147542085248646,-1.469741396316277,-0.04501281220858755
Random Forest,-1.258246922436829,-1.165506907889855,-0.09274001454697389
Random Forest,-0.7498961190987213,-0.7251436286842906,-0.024752490414430728
Random Forest,-0.227554009246721,-0.20748348392603136,-0.020070525320689647
Random Forest,-0.2858511197212746,-0.3189198874191188,0.033068767697844226
Random Forest,-0.7895381542214177,-0.9712642802970186,0.1817261260756009
Random Forest,-0.9597657168071144,-0.916354260485179,-0.04341145632193544
Random Forest,-1.1859585054483823,-1.0999963775625832,-0.08596212788579916
Random Forest,-1.472780288983186,-1.3154846159643272,-0.15729567301885883
Random Forest,-0.5750047876750605,-0.6152804559996352,0.04027566832457474
Random Forest,0.1875214173321006,0.10971597663118549,0.07780544070091511
Random Forest,-1.0880193598511323,-1.1018997278586171,0.013880368007484822
Random Forest,-1.4657846357262396,-1.262659577235186,-0.20312505849105356
Random Forest,-0.5400265213903284,-0.5793832133490345,0.03935669195870617
Random Forest,-1.1090063196219715,-0.8962839395237444,-0.21272238009822708
Random Forest,-0.8618265712098643,-0.8284351405208232,-0.033391430689041046
Random Forest,0.0452764677741898,0.007364433433006723,0.03791203434118308
XGBoost,-0.7498961190987213,-0.7366964817047119,-0.013199637394009422
XGBoost,-0.7335729281658463,0.663678765296936,-1.3972516934627823
XGBoost,-0.4793975264967925,-0.4163239896297455,-0.06307353686704703
XGBoost,-0.3744627276425961,-0.40562811493873596,0.03116538729613988
XGBoost,-0.2998424262351675,-0.3154151141643524,0.015572687929184925
XGBoost,0.5559591555312794,0.6032689809799194,-0.04730982544864004
XGBoost,-0.7895381542214177,-0.3577592074871063,-0.4317789467343114
XGBoost,-1.4797759422401324,-1.3629764318466187,-0.11679951039351377
XGBoost,-1.0390497870525073,0.11298932135105133,-1.1520391084035586
XGBoost,0.1175648847626363,0.10145128518342972,0.016113599579206578
XGBoost,-1.2116092340571858,-1.1636548042297363,-0.04795442982744946
XGBoost,-1.1626396612585608,-1.1416034698486328,-0.021036191409927962
XGBoost,0.4696794320289401,0.5258820652961731,-0.056202633267233015
XGBoost,-0.5773366720940426,-0.534938633441925,-0.04239803865211755
XGBoost,-0.0689858687559352,0.11962686479091644,-0.18861273354685165
XGBoost,0.5536272711122973,0.09121320396661758,0.4624140671456797
XGBoost,-1.4378020226984538,-1.371179461479187,-0.0666225612192668
XGBoost,-0.0689858687559352,0.06272454559803009,-0.1317104143539653
XGBoost,-0.3371525769388818,-0.2511279284954071,-0.08602464844347468
XGBoost,0.6329113413576901,0.587249219417572,0.045662121940118094
XGBoost,1.115611416086994,1.3390275239944458,-0.2234161079074517
XGBoost,-0.0549945622420423,-0.15552596747875214,0.10053140523670984
XGBoost,1.0666418432883689,1.221476435661316,-0.15483459237294706
XGBoost,-1.4004918719947397,-1.3264036178588867,-0.07408825413585296
XGBoost,0.1315561912765291,0.12501005828380585,0.006546132992723247
XGBoost,-1.0903512442701144,-0.9422920942306519,-0.14805915003946257
XGBoost,0.2038446082649756,0.3097612261772156,-0.10591661791223997
XGBoost,0.6725533764803866,0.6127010583877563,0.05985231809263025
XGBoost,-0.7592236567746499,-0.6700013875961304,-0.0892222691785195
XGBoost,-1.2885614198835966,-1.3032073974609375,0.014645977577340874
XGBoost,-0.8874772998186679,-0.8137470483779907,-0.07373025144067713
XGBoost,0.7401780246308688,0.7506521940231323,-0.010474169392263533
XGBoost,1.5073679984759942,0.89011549949646,0.6172524989795343
XGBoost,1.278843325415744,0.9110204577445984,0.3678228676711457
XGBoost,0.194517070589047,-0.02386905997991562,0.2183861305689626
XGBoost,0.4416968190011543,0.45618513226509094,-0.014488313263936625
XGBoost,-1.2675744601127572,-1.2887052297592163,0.021130769646459102
XGBoost,-0.5446902902282926,-0.35306820273399353,-0.1916220874942991
XGBoost,-1.4774440578211503,-1.4705723524093628,-0.006871705411787499
XGBoost,0.3041156382812078,0.41746023297309875,-0.11334459469189095
XGBoost,-0.5330308681333819,-0.4200332462787628,-0.11299762185461903
XGBoost,-0.7662193100315963,-0.850687563419342,0.08446825338774577
XGBoost,-0.0736496375938995,-0.19401149451732635,0.12036185692342685
XGBoost,-0.3931178029944532,-0.444662481546402,0.051544678551948775
XGBoost,-1.470448404564204,-1.459909439086914,-0.01053896547728983
XGBoost,0.6608939543854759,0.5620927810668945,0.0988011733185814
XGBoost,0.4160460903923507,0.5307852625846863,-0.11473917219233559
XGBoost,-0.6869352397862034,-0.667976438999176,-0.018958800787027386
XGBoost,-0.082977175269828,-0.14892303943634033,0.06594586416651234
XGBoost,-1.2069454652192215,-1.2681325674057007,0.06118710218647916
XGBoost,0.0102982014894576,-0.02759292721748352,0.03789112870694112
XGBoost,-1.2512512691798825,-1.3105908632278442,0.05933959404796174
XGBoost,-0.2858511197212746,-0.2287660539150238,-0.05708506580625078
XGBoost,-0.614646822797757,-0.6027480959892273,-0.011898726808529658
XGBoost,0.3530852110798329,0.41923895478248596,-0.06615374370265309
XGBoost,0.178193879656172,0.1708097755908966,0.007384104065275399
XGBoost,-1.5147542085248646,-1.4816105365753174,-0.03314367194954726
XGBoost,-0.777878732126507,-0.7770567536354065,-0.0008219784911005501
XGBoost,1.1529215667907082,1.0724928379058838,0.08042872888482444
XGBoost,-0.5143757927815248,-0.38806214928627014,-0.12631364349525465
XGBoost,-0.1436061701633638,-0.07838500291109085,-0.06522116725227295
XGBoost,-0.6239743604736855,-0.5151724815368652,-0.10880187893682025
XGBoost,0.7238548336979937,0.8013886213302612,-0.07753378763226748
XGBoost,-1.1626396612585608,-1.1745612621307373,0.01192160087217653
XGBoost,-1.4587889824692932,-1.3838151693344116,-0.0749738131348816
XGBoost,0.2201677991978506,0.37597784399986267,-0.15581004480201208
XGBoost,-0.8011975763163285,-0.7205501198768616,-0.08064745643946691
XGBoost,0.5116533515706186,0.6085258722305298,-0.09687252065991114
XGBoost,-1.0973468975270608,-1.1130093336105347,0.01566243608347384
XGBoost,-1.4587889824692932,-1.4222922325134277,-0.03649674995586549
XGBoost,0.1665344575612613,0.5420405864715576,-0.37550612891029633
XGBoost,-0.1506018234203102,-0.1304468810558319,-0.02015494236447829
XGBoost,-0.8035294607353106,-0.7554926872253418,-0.04803677350996882
XGBoost,-0.2158945871518103,-0.2274623066186905,0.011567719466880177
XGBoost,-0.194907627380971,-0.16723746061325073,-0.027670166767720272
XGBoost,-0.2811873508833103,-0.14135082066059113,-0.1398365302227192
XGBoost,-0.0270119492142566,0.06927668303251266,-0.09628863224676926
XGBoost,0.5046576983136722,0.7826883792877197,-0.2780306809740475
XGBoost,-1.181294736610418,-1.1676760911941528,-0.01361864541626523
XGBoost,-0.8758178777237571,-0.8478947877883911,-0.027923089935365963
XGBoost,0.777488175334583,1.0289989709854126,-0.25151079565082957
XGBoost,0.1432156133714399,0.21020916104316711,-0.06699354767172722
XGBoost,0.2015127238459935,0.20346567034721375,-0.001952946501220243
XGBoost,0.3833997085266007,0.505761981010437,-0.1223622724838363
XGBoost,-0.1296148636494709,-0.050090208649635315,-0.07952465499983558
XGBoost,-1.2885614198835966,-1.2161675691604614,-0.0723938507231352
XGBoost,-1.1533121235826322,-1.0209100246429443,-0.1324020989396879
XGBoost,0.6002649594919401,0.7850688099861145,-0.18480385049417436
XGBoost,-0.9504381791311856,-0.852359414100647,-0.09807876503053858
XGBoost,0.388063477364565,0.5411332249641418,-0.15306974759957687
XGBoost,-0.3558076522907389,-0.5191488862037659,0.16334123391302696
XGBoost,-1.409819409670668,-1.4288195371627808,0.019000127492112773
XGBoost,-1.5777150878373825,-1.4657318592071533,-0.11198322863022914
XGBoost,-0.4817294109157747,-0.4481703042984009,-0.033559106617373824
XGBoost,-0.8245164205061499,-0.7654034495353699,-0.059112970970780054
XGBoost,0.2015127238459935,0.20876409113407135,-0.007251367288077848
XGBoost,-0.5959917474458998,-0.5171315670013428,-0.078860180444557
XGBoost,-0.9830845609969358,-0.9299622178077698,-0.05312234318916598
XGBoost,-0.2835192353022925,-0.21860140562057495,-0.06491782968171755
XGBoost,0.0242895080033505,0.2558361887931824,-0.23154668078983187
XGBoost,-1.3468585303581502,-1.3972212076187134,0.050362677260563204
XGBoost,-0.1506018234203102,-0.22956733405590057,0.07896551063559037
XGBoost,-1.538073052714686,-1.5147420167922974,-0.02333103592238861
XGBoost,-0.6029874007028462,-0.5901490449905396,-0.012838355712306626
XGBoost,-0.4957207174296676,-0.4628733992576599,-0.0328473181720077
XGBoost,-0.9224555661034,-0.8038384318351746,-0.1186171342682254
XGBoost,-0.9201236816844178,-0.9244380593299866,0.0043143776455687455
XGBoost,-0.4280960692791854,-0.3791082501411438,-0.04898781913804162
XGBoost,-1.3375309926822216,-1.3443539142608643,0.006822921578642616
XGBoost,-0.7848743853834534,-0.7544566988945007,-0.03041768648895271
XGBoost,-0.6286381293116499,-0.5358341336250305,-0.09280399568661934
XGBoost,-0.502716370686614,-0.4018670320510864,-0.10084933863552759
XGBoost,-1.5660556657424718,-1.4951421022415161,-0.07091356350095568
XGBoost,-0.7872062698024356,-0.8024906516075134,0.015284381805077851
XGBoost,0.2551460654825828,0.2571331560611725,-0.001987090578589701
XGBoost,-0.5633453655801498,-0.4803822934627533,-0.08296307211739651
XGBoost,-0.7592236567746499,-0.4978623390197754,-0.2613613177548745
XGBoost,-0.7638874256126141,-0.7384079098701477,-0.02547951574246643
XGBoost,-0.3394844613578639,-0.33256208896636963,-0.006922372391494291
XGBoost,0.3810678241076186,0.3458067774772644,0.035261046630354176
XGBoost,-0.5913279786079355,-0.594581127166748,0.0032531485588125353
XGBoost,-1.3002208419785073,-1.2024750709533691,-0.09774577102513815
XGBoost,-1.3958281031567752,-1.282571792602539,-0.11325631055423613
XGBoost,-0.2975105418161853,-0.2053295522928238,-0.09218098952336151
XGBoost,-0.600655516283864,-0.4999963641166687,-0.10065915216719534
XGBoost,-0.7545598879366856,-0.7069270014762878,-0.04763288646039776
XGBoost,-0.4420873757930783,-0.4350757896900177,-0.007011586103060574
XGBoost,-0.859494686790882,-0.7328700423240662,-0.12662464446681587
XGBoost,0.0615996587070648,0.23912018537521362,-0.17752052666814883
XGBoost,-1.360849836872043,-1.1573220491409302,-0.2035277877311128
XGBoost,-1.3515222991961144,-1.2467118501663208,-0.10481044902979364
XGBoost,-0.728909159327882,-0.7175557613372803,-0.011353397990601755
XGBoost,-0.5540178279042212,-0.4375741481781006,-0.11644367972612057
XGBoost,-0.630970013730632,-0.5080530643463135,-0.12291694938431852
XGBoost,-0.2345496625036674,-0.1470499187707901,-0.0874997437328773
XGBoost,-1.0064034051867572,-1.1154805421829224,0.10907713699616517
XGBoost,-1.3841686810618643,-1.278795599937439,-0.10537308112442534
XGBoost,0.2411547589686899,0.2675654888153076,-0.026410729846617714
XGBoost,-0.6496250890824891,-0.5251225233078003,-0.12450256577468877
XGBoost,0.0779228496399398,0.021585319191217422,0.056337530448722375
XGBoost,-0.6333018981496141,-0.530359148979187,-0.10294274917042712
XGBoost,0.1082373470867077,0.17657995223999023,-0.06834260515328254
XGBoost,-0.5237033304574533,-0.560982882976532,0.03727955251907866
XGBoost,-0.6659482800153641,-0.7469615340232849,0.08101325400792081
XGBoost,-1.1416527014877216,-1.0192455053329468,-0.1224071961547748
XGBoost,-0.6496250890824891,-0.6928969621658325,0.04327187308334346
XGBoost,-1.4797759422401324,-1.491729974746704,0.011954032506571677
XGBoost,-1.0133990584437036,-0.8698999285697937,-0.1434991298739099
XGBoost,-0.7498961190987213,-0.8578130602836609,0.10791694118493955
XGBoost,-1.4774440578211503,-1.4436495304107666,-0.03379452741038369
XGBoost,-0.8921410686566321,-0.9474950432777405,0.05535397462110836
XGBoost,-0.3021743106541496,-0.33645275235176086,0.03427844169761124
XGBoost,-0.6402975514065605,-0.45592910051345825,-0.18436845089310228
XGBoost,-0.066653984336953,-0.06267077475786209,-0.0039832095790909156
XGBoost,-1.3491904147771323,-1.3990771770477295,0.049886762270597185
XGBoost,-0.9364468726172928,-0.7336087822914124,-0.2028380903258804
XGBoost,-1.1253295105548464,-0.9250444769859314,-0.20028503356891503
XGBoost,-1.4960991331730074,-1.4858320951461792,-0.010267038026828157
XGBoost,-0.761555541193632,-0.4860519766807556,-0.2755035645128764
XGBoost,-0.8968048374945964,-0.7851654887199402,-0.1116393487746562
XGBoost,-1.2209367717331143,-1.0684009790420532,-0.1525357926910611
XGBoost,-0.9131280284274714,-0.8977894186973572,-0.01533860973011425
XGBoost,-0.9411106414552572,-1.0150423049926758,0.07393166353741853
XGBoost,0.0522721210311362,-0.06557199358940125,0.11784411462053745
XGBoost,-0.6729439332723105,-0.6865439414978027,0.013600008225492233
XGBoost,-0.6053192851218284,-0.8187131881713867,0.2133939030495583
XGBoost,-0.5283670992954176,-0.9280095100402832,0.3996424107448656
XGBoost,-1.4867715954970788,-1.4764893054962158,-0.010282290000863004
XGBoost,-0.388454034156489,-0.7461929321289062,0.35773889797241726
XGBoost,-1.3958281031567752,-1.3696002960205078,-0.026227807136267378
XGBoost,-0.8478352646959714,-0.7968882322311401,-0.05094703246483123
XGBoost,-0.3651351899666675,-0.3661569356918335,0.0010217457251660012
XGBoost,-1.4774440578211503,-1.3724243640899658,-0.10501969373118447
XGBoost,-0.8921410686566321,-0.8793586492538452,-0.012782419402786904
XGBoost,-0.470069988820864,-0.5781956911087036,0.10812570228783963
XGBoost,-0.7732149632885428,-0.7858710885047913,0.012656125216248482
XGBoost,0.1595388043043148,0.18939167261123657,-0.02985286830692177
XGBoost,-1.3888324498998288,-1.3213326930999756,-0.0674997567998532
XGBoost,-0.0316757180522209,0.03374243155121803,-0.06541814960343893
XGBoost,-0.9271193349413642,-1.065751075744629,0.13863174080326468
XGBoost,-1.5007629020109716,-1.3407973051071167,-0.15996559690385492
XGBoost,-0.728909159327882,-0.6057738065719604,-0.12313535275592158
XGBoost,0.4836707385428329,0.5694513320922852,-0.08578059354945228
XGBoost,-0.470069988820864,-0.4945729076862335,0.02450291886536954
XGBoost,-0.2158945871518103,-0.39216968417167664,0.17627509701986632
XGBoost,-0.582000440932007,-0.5461693406105042,-0.03583110032150283
XGBoost,0.3320982513089935,0.38954097032546997,-0.05744271901647646
XGBoost,-0.4001134562513997,-0.36046475172042847,-0.039648704530971246
XGBoost,-1.4144831785086325,-1.3789303302764893,-0.03555284823214322
XGBoost,0.548963502274333,0.743318498134613,-0.19435499586028004
XGBoost,0.3787359396886364,0.07413698732852936,0.30459895236010703
XGBoost,-0.1389424013253995,-0.18540255725383759,0.04646015592843808
XGBoost,-0.8781497621427392,-0.7881399989128113,-0.09000976322992793
XGBoost,-0.3021743106541496,-0.35008150339126587,0.047907192737116244
XGBoost,0.6678896076424223,0.7447712421417236,-0.0768816344993013
XGBoost,0.5396359645984043,0.2995613217353821,0.24007464286302227
XGBoost,0.0592677742880827,0.023463916033506393,0.035803858254576305
XGBoost,-1.0437135558904715,-0.9809982776641846,-0.06271527822628697
XGBoost,-0.2019032806379174,-0.2722192406654358,0.07031596002751839
XGBoost,-0.9224555661034,-0.9148364067077637,-0.007619159395636288
XGBoost,0.8824229741887796,0.8268665075302124,0.05555646665856717
XGBoost,-1.3048846108164716,-1.3108947277069092,0.006010116890437622
XGBoost,-0.6333018981496141,-0.6022278070449829,-0.03107409110463122
XGBoost,-1.4168150629276146,-1.3909344673156738,-0.025880595611940782
XGBoost,0.4090504371354043,0.3097195327281952,0.0993309044072091
XGBoost,-0.1762525520291138,-0.14009399712085724,-0.03615855490825656
XGBoost,-0.9061323751705248,-0.8999440670013428,-0.006188308169182033
XGBoost,-0.4350917225361319,-0.3213041126728058,-0.11378760986332609
XGBoost,-1.4121512940896503,-1.4432833194732666,0.031132025383616257
XGBoost,-0.1715887831911495,-0.09344179183244705,-0.07814699135870246
XGBoost,-0.4117728783463104,-0.5724045038223267,0.16063162547601628
XGBoost,-1.5310773994577396,-1.4055936336517334,-0.12548376580600618
XGBoost,-0.0759815220128816,-0.11505371332168579,0.0390721913088042
XGBoost,-0.4164366471842747,-0.40224725008010864,-0.014189397104166057
XGBoost,-1.6430078515688824,-0.7687745690345764,-0.874233282534306
XGBoost,-1.4587889824692932,-1.3712739944458008,-0.08751498802349245
XGBoost,0.486002622961815,0.45820099115371704,0.02780163180809797
XGBoost,0.0872503873158684,0.04505188390612602,0.04219850340974238
XGBoost,-1.1556440080016144,-1.2800744771957397,0.12443046919412537
XGBoost,-0.388454034156489,-0.4091417193412781,0.020687685184789084
XGBoost,0.8591041299989581,0.8858392834663391,-0.02673515346738098
XGBoost,0.2971199850242614,0.271249920129776,0.0258700648944854
XGBoost,-0.3534757678717568,-0.3319984972476959,-0.02147727062406085
XGBoost,-0.486393179753739,-0.39117756485939026,-0.09521561489434877
XGBoost,-1.4168150629276146,-1.4100860357284546,-0.00672902719916002
XGBoost,-1.5474005903906145,-1.0054341554641724,-0.5419664349264421
XGBoost,-1.4774440578211503,-1.4038820266723633,-0.07356203114878701
XGBoost,0.9756983509480652,0.8758938908576965,0.0998044600903687
XGBoost,-0.0479989089850959,-0.2122517079114914,0.1642527989263955
XGBoost,-0.4304279536981675,-0.4500044584274292,0.0195765047292617
XGBoost,0.2738011408344399,0.13802102208137512,0.13578011875306478
XGBoost,-0.6939308930431498,-0.8275381922721863,0.13360729922903647
XGBoost,-1.1696353145155072,-1.0983413457870483,-0.07129396872845883
XGBoost,-0.1855800897050424,-0.17385557293891907,-0.011724516766123322
XGBoost,0.6329113413576901,0.4699662923812866,0.1629450489764035
XGBoost,-1.2489193847609,-1.080187201499939,-0.16873218326096096
XGBoost,0.2294953368737792,0.29718491435050964,-0.06768957747673043
XGBoost,0.0429445833552076,0.03715505823493004,0.0057895251202775624
XGBoost,1.1202751849249584,1.3052301406860352,-0.1849549557610768
XGBoost,-0.6193105916357212,-0.6693670749664307,0.050056483330709445
XGBoost,-1.2372599626659897,-1.3293137550354004,0.09205379236941069
XGBoost,0.0779228496399398,0.022302985191345215,0.05561986444859458
XGBoost,0.7051997583461366,0.6769692301750183,0.028230528171118263
XGBoost,1.857150661323316,1.622355341911316,0.23479531941200005
XGBoost,1.309157822862512,1.3438140153884888,-0.03465619252597674
XGBoost,0.0242895080033505,0.012765337713062763,0.011524170290287735
XGBoost,-0.8291801893441142,-0.9126681089401245,0.08348791959601032
XGBoost,-1.3212078017493467,-1.187051773071289,-0.13415602867805765
XGBoost,0.4929982762187615,0.46625810861587524,0.026740167602886278
XGBoost,1.4257520438116191,1.2141404151916504,0.21161162861996874
XGBoost,0.6538983011285294,0.7472625970840454,-0.09336429595551599
XGBoost,-0.0596583310800066,0.13671690225601196,-0.19637523333601856
XGBoost,-1.0716961689182571,-1.0746970176696777,0.003000848751420593
XGBoost,0.8311215169711724,0.7368104457855225,0.09431107118564996
XGBoost,1.3348085514713155,1.3721131086349487,-0.037304557163633234
XGBoost,-0.728909159327882,-0.8035757541656494,0.07466659483776739
XGBoost,1.812844857362655,2.198129653930664,-0.38528479656800907
XGBoost,-0.7032584307190785,-0.6352949738502502,-0.06796345686882821
XGBoost,-0.6333018981496141,-0.5353589653968811,-0.09794293275273303
XGBoost,-0.502716370686614,-0.4564380347728729,-0.04627833591374109
XGBoost,-0.0853090596888102,0.13208714127540588,-0.21739620096421608
XGBoost,0.0732590808019755,0.011639812961220741,0.06161926784075476
XGBoost,-0.4747337576588283,-0.43741661310195923,-0.037317144556869075
XGBoost,-1.409819409670668,-1.3106549978256226,-0.09916441184504543
XGBoost,-0.8991367219135785,-0.9093112945556641,0.010174572642085544
XGBoost,-1.4517933292123466,-1.5174628496170044,0.06566952040465779
XGBoost,0.2528141810636006,0.2314022034406662,0.021411977622934397
XGBoost,-0.1039641350406673,-0.0834755226969719,-0.02048861234369541
XGBoost,-0.6589526267584177,-0.6460884213447571,-0.012864205413660623
XGBoost,-0.4024453406703818,-0.49958837032318115,0.09714302965279936
XGBoost,-0.924787450522382,-0.8928727507591248,-0.031914699763257226
XGBoost,-0.7918700386404,-0.7797368168830872,-0.012133221757312795
XGBoost,-1.4214788317655789,-1.4047590494155884,-0.016719782349990497
XGBoost,-1.4541252136313287,-1.4462107419967651,-0.007914471634563602
XGBoost,-1.5030947864299538,-1.4216194152832031,-0.08147537114675063
XGBoost,-0.938778757036275,-0.8857493996620178,-0.05302935737425718
XGBoost,0.486002622961815,0.4486522376537323,0.03735038530808271
XGBoost,-1.3795049122239005,-1.303945779800415,-0.07555913242348544
XGBoost,0.0336170456792791,0.08147095888853073,-0.04785391320925163
XGBoost,-0.4117728783463104,-0.46075302362442017,0.04898014527810979
XGBoost,-0.7568917723556677,-0.6707727313041687,-0.08611904105149903
XGBoost,-0.8081932295732749,-0.7400375604629517,-0.06815566911032322
XGBoost,0.0755909652209577,0.1505870223045349,-0.0749960570835772
XGBoost,-1.442465791536418,-1.3605072498321533,-0.08195854170426475
XGBoost,-0.6402975514065605,-0.5607115030288696,-0.0795860483776909
XGBoost,-0.7032584307190785,-0.6625199913978577,-0.04073843932122079
XGBoost,-0.3138337327490603,-0.36470964550971985,0.05087591276065956
XGBoost,-1.5147542085248646,-1.319578766822815,-0.1951754417020497
XGBoost,0.1921851861700649,0.22585375607013702,-0.03366856990007214
XGBoost,-0.8501671491149535,-0.790553867816925,-0.05961328129802845
XGBoost,-0.2205583559897746,-0.23926003277301788,0.018701676783243276
XGBoost,-0.3931178029944532,-0.31701260805130005,-0.07610519494315315
XGBoost,-0.3674670743856497,-0.2543506324291229,-0.11311644195652676
XGBoost,-1.491435364335043,-1.3856552839279175,-0.10578008040712561
XGBoost,0.161870688723297,0.36428102850914,-0.20241033978584302
XGBoost,-0.6472932046635069,-0.6258976459503174,-0.021395558713189544
XGBoost,-1.2978889575595252,-1.2597713470458984,-0.03811761051362672
XGBoost,0.2947881006052792,0.5278220176696777,-0.23303391706439852
XGBoost,-0.0946365973647388,0.03341348096728325,-0.12805007833202203
XGBoost,0.6702214920614045,0.7009135484695435,-0.03069205640813899
XGBoost,-0.2881830041402567,-0.20746591687202454,-0.08071708726823218
XGBoost,-0.2205583559897746,-0.12687039375305176,-0.09368796223672285
XGBoost,-0.8128569984112392,-0.5664505958557129,-0.24640640255552626
XGBoost,-1.2372599626659897,-1.1465431451797485,-0.09071681748624116
XGBoost,-1.3865005654808469,-1.3208564519882202,-0.06564411349262667
XGBoost,0.3320982513089935,0.9431883096694946,-0.6110900583605011
XGBoost,-1.2745701133697038,-1.242937684059143,-0.03163242931056076
XGBoost,0.4906663917997793,0.6636549830436707,-0.17298859124389138
XGBoost,0.0242895080033505,-0.007666976191103458,0.03195648419445396
XGBoost,-0.9481062947122036,-0.905242383480072,-0.042863911232131624
XGBoost,0.2598098343205471,0.44230103492736816,-0.18249120060682106
XGBoost,-0.1272829792304888,-0.11457590758800507,-0.012707071642483747
XGBoost,-0.6822714709482391,-0.6971613764762878,0.014889905528048697
XGBoost,-0.9970758675108286,-1.0112485885620117,0.014172721051183168
XGBoost,-0.614646822797757,-0.6479288339614868,0.03328201116372986
XGBoost,-0.9597657168071144,-0.8469706177711487,-0.11279509903596574
XGBoost,-0.3138337327490603,-0.18499183654785156,-0.12884189620120873
XGBoost,-1.4308063694415074,-1.4280080795288086,-0.0027982899126988148
XGBoost,-0.4257641848602033,-0.3719611167907715,-0.0538030680694318
XGBoost,-0.7312410437468642,-0.7210358381271362,-0.01020520561972793
XGBoost,-1.407487525251686,-1.5185116529464722,0.11102412769478609
XGBoost,-1.0600367468233465,-1.103642463684082,0.043605716860735555
XGBoost,-0.5866642097699712,-0.5529402494430542,-0.033723960326917046
XGBoost,-0.7825425009644713,-0.764860212802887,-0.017682288161584347
XGBoost,-0.8478352646959714,-0.8897007703781128,0.041865505682141424
XGBoost,-0.0549945622420423,-0.21682438254356384,0.16182982030152154
XGBoost,-0.470069988820864,-0.4986087381839752,0.028538749363111238
XGBoost,-1.374841143385936,-1.3300307989120483,-0.04481034447388765
XGBoost,-1.4937672487540252,-1.4033753871917725,-0.09039186156225276
XGBoost,-0.1342786324874352,-0.16642451286315918,0.03214588037572397
XGBoost,0.355417095498815,0.3625193238258362,-0.007102228327021176
XGBoost,-0.3161656171680425,-0.3618927001953125,0.04572708302727002
XGBoost,-1.279233882207668,-1.3184645175933838,0.039230635385715695
XGBoost,0.6399069946146366,0.5845624208450317,0.05534457376960489
XGBoost,-0.3767946120615782,-0.3864789307117462,0.009684318650168
XGBoost,-1.4354701382794717,-1.3855550289154053,-0.0499151093640664
XGBoost,-0.5959917474458998,-0.6040115356445312,0.008019788198631472
XGBoost,-1.6290165450549896,-0.5985016226768494,-1.0305149223781402
XGBoost,0.2621417187395292,0.5001406073570251,-0.23799888861749596
XGBoost,-1.1579758924205965,-1.1591776609420776,0.001201768521481128
XGBoost,-0.3488119990337925,-0.2904644012451172,-0.05834759778867532
XGBoost,-1.5264136306197753,-1.3771188259124756,-0.14929480470729972
XGBoost,-0.0969684817837209,-0.07030811160802841,-0.02666037017569249
XGBoost,-0.6542888579204534,-0.7607359886169434,0.10644713069648992
XGBoost,0.6888765674132616,0.579641580581665,0.1092349868315966
XGBoost,-0.3581395367097211,-0.35464590787887573,-0.0034936288308453634
XGBoost,1.376782471012994,1.2022008895874023,0.17458158142559155
XGBoost,-1.136988932649757,-0.9851632714271545,-0.15182566122260255
XGBoost,-1.3865005654808469,-1.3389968872070312,-0.04750367827381563
XGBoost,-0.1226192103925245,-0.14107301831245422,0.01845380791992972
XGBoost,-0.3371525769388818,-0.2739720940589905,-0.06318048287989131
XGBoost,-0.1366105169064174,-0.05480382964015007,-0.08180668726626733
XGBoost,0.420709859230315,0.5566319227218628,-0.13592206349154778
XGBoost,-0.4280960692791854,-0.3597724735736847,-0.06832359570550073
XGBoost,1.5656651089505478,0.926479160785675,0.6391859481648727
XGBoost,-0.8618265712098643,-0.9197902083396912,0.057963637129826884
XGBoost,-1.178962852191436,-1.2284562587738037,0.04949340658236778
XGBoost,0.5676185776261902,0.6619018316268921,-0.09428325400070192
XGBoost,0.1642025731422791,0.06292955577373505,0.10127301736854405
XGBoost,-0.2881830041402567,-0.3486247956752777,0.060441791535020994
XGBoost,0.0499402366121541,0.05101994425058365,-0.0010797076384295515
XGBoost,0.4836707385428329,0.5321222543716431,-0.04845151582881019
XGBoost,-0.8944729530756143,-0.8476804494857788,-0.046792503589835444
XGBoost,-0.9014686063325608,-0.8422377109527588,-0.05923089537980197
XGBoost,0.2924562161862971,0.35589975118637085,-0.06344353500007377
XGBoost,-0.3418163457768461,-0.3906915485858917,0.048875202809045615
XGBoost,-1.1346570482307752,-1.085015058517456,-0.04964198971331912
XGBoost,0.9127374716355474,1.0428329706192017,-0.13009549898365425
XGBoost,0.4300373969062436,0.37876591086387634,0.051271486042367254
XGBoost,0.8847548586077617,0.7873145341873169,0.09744032442044481
XGBoost,-1.3585179524530608,-1.3924092054367065,0.0338912529836457
XGBoost,0.2341591057117435,0.22704371809959412,0.0071153876121493875
XGBoost,-0.1739206676101317,-0.169755220413208,-0.004165447196923688
XGBoost,-1.4494614447933645,-1.4793527126312256,0.029891267837861113
XGBoost,-0.8198526516681857,-0.9091971516609192,0.08934449999273353
XGBoost,-0.3907859185754711,-0.3948834538459778,0.004097535270506658
XGBoost,-0.2788554664643282,-0.30529874563217163,0.026443279167843448
XGBoost,-0.761555541193632,-0.7109183669090271,-0.0506371742846049
XGBoost,-0.7662193100315963,-0.7897892594337463,0.02356994940215007
XGBoost,0.2994518694432435,0.17103888094425201,0.12841298849899146
XGBoost,-1.3865005654808469,-1.3445672988891602,-0.041933266591686724
XGBoost,-1.391164334318811,-1.3490194082260132,-0.04214492609279774
XGBoost,0.3507533266608507,0.34775039553642273,0.0030029311244279544
XGBoost,-0.8221845360871678,-0.714796245098114,-0.10738829098905378
XGBoost,-0.2019032806379174,-0.29464706778526306,0.09274378714734566
XGBoost,-0.4117728783463104,-0.37570658326148987,-0.03606629508482051
XGBoost,-1.5124223241058825,-1.4466413259506226,-0.06578099815525995
XGBoost,0.0312851612602969,0.26612791419029236,-0.23484275292999546
XGBoost,0.8124664416193152,0.7161493897438049,0.09631705187551032
XGBoost,-0.4304279536981675,-0.43072929978370667,0.000301346085539167
XGBoost,-0.486393179753739,-0.4649714529514313,-0.02142172680230775
XGBoost,-0.8781497621427392,-0.8701717853546143,-0.007977976788124952
XGBoost,-1.3212078017493467,-1.3461415767669678,0.024933775017621063
XGBoost,-0.5773366720940426,-0.5959692001342773,0.01863252804023474
XGBoost,-1.4378020226984538,-1.361328363418579,-0.0764736592798747
XGBoost,-0.3464801146148104,-0.34295833110809326,-0.0035217835067171133
XGBoost,-0.9107961440084892,-0.7994542121887207,-0.11134193181976848
XGBoost,-0.4980526018486497,-0.444409042596817,-0.05364355925183267
XGBoost,-0.6402975514065605,-0.5557946562767029,-0.08450289512985765
XGBoost,0.2085083771029399,0.1829446405172348,0.0255637365857051
XGBoost,-1.0856874754321502,-1.1524301767349243,0.06674270130277415
XGBoost,0.3694084020127078,0.4368295967578888,-0.06742119474518099
XGBoost,0.7075316427651187,0.6392567157745361,0.06827492699058257
XGBoost,0.2738011408344399,0.21900711953639984,0.05479402129804006
XGBoost,-1.022726596119632,-0.968280553817749,-0.05444604230188288
XGBoost,-0.5750047876750605,-0.535352349281311,-0.039652438393749434
XGBoost,-1.342194761520186,-1.2755059003829956,-0.0666888611371903
XGBoost,0.8474447079040474,0.9175031185150146,-0.07005841061096729
XGBoost,-0.0619902154989887,-0.044617295265197754,-0.017372920233790945
XGBoost,-0.2835192353022925,-0.258980393409729,-0.0245388418925635
XGBoost,0.5722823464641544,0.6597521305084229,-0.08746978404426842
XGBoost,1.7102419429274407,1.0964763164520264,0.6137656264754143
XGBoost,-0.8128569984112392,-0.7477635741233826,-0.06509342428785658
XGBoost,-1.2116092340571858,-1.1226649284362793,-0.0889443056209065
XGBoost,0.8241258637142259,0.8123131394386292,0.011812724275596764
XGBoost,1.6076390284922264,1.816162109375,-0.2085230808827736
XGBoost,0.8917505118647081,0.8454238176345825,0.04632669423012559
XGBoost,-0.3791264964805604,-0.36258354783058167,-0.01654294864997874
XGBoost,-1.1253295105548464,-1.0798981189727783,-0.045431391582068104
XGBoost,1.952757922501584,1.9155553579330444,0.03720256456853965
XGBoost,-0.4840612953347569,-0.5845838785171509,0.10052258318239399
XGBoost,0.0709271963829934,0.3805941939353943,-0.3096669975524009
XGBoost,0.5606229243692437,0.715995192527771,-0.15537226815852734
XGBoost,0.9663708132721368,0.7911478877067566,0.17522292556538022
XGBoost,-0.8011975763163285,-0.782418966293335,-0.018778610022993525
XGBoost,1.001349079556869,1.3331997394561768,-0.33185065989930784
XGBoost,-1.4051556408327035,-1.4968609809875488,0.09170534015484533
XGBoost,-0.95510194796915,-0.906754195690155,-0.048347752278995015
XGBoost,-1.3841686810618643,-1.30222487449646,-0.08194380656540434
XGBoost,0.5163171204085829,0.4493737816810608,0.06694333872752212
XGBoost,0.1898533017510827,0.21359358727931976,-0.023740285528237065
XGBoost,-0.728909159327882,-0.655318558216095,-0.07359060111178706
XGBoost,-0.276523582045346,-0.2514778971672058,-0.025045684878140184
XGBoost,-0.6846033553672213,-0.5814507603645325,-0.10315259500268881
XGBoost,-1.3561860680340787,-1.3560765981674194,-0.00010946986665927305
XGBoost,0.1968489550080292,0.2653654217720032,-0.06851646676397397
XGBoost,-1.363181721291025,-1.3560534715652466,-0.007128249725778524
XGBoost,-0.7195816216519534,-0.7428503632545471,0.023268741602593734
XGBoost,-0.2858511197212746,-0.28849345445632935,0.0026423347350547632
XGBoost,-0.1692568987721674,-0.2684226632118225,0.09916576443965511
XGBoost,-0.6356337825685963,-0.6072545647621155,-0.028379217806480783
XGBoost,0.5932693062349937,0.5291511416435242,0.06411816459146957
XGBoost,0.2178359147788685,0.264335036277771,-0.04649912149890251
XGBoost,0.145547497790422,0.2966594099998474,-0.1511119122094254
XGBoost,-1.4541252136313287,-1.414054036140442,-0.040071177490886845
XGBoost,-0.5400265213903284,-0.5584396719932556,0.018413150602927253
XGBoost,-0.292846772978221,-0.3405367136001587,0.04768994062193771
XGBoost,-0.4117728783463104,-0.37920239567756653,-0.03257048266874385
XGBoost,-1.2535831535988644,-1.2986088991165161,0.045025745517651705
XGBoost,-0.7522280035177035,-0.7924979329109192,0.04026992939321572
XGBoost,-1.4657846357262396,-1.3348206281661987,-0.1309640075600409
XGBoost,-1.246587500341918,-1.146936058998108,-0.0996514413438101
XGBoost,-0.5843323253509891,-0.5314769148826599,-0.0528554104683292
XGBoost,0.679549029737333,0.16938497126102448,0.5101640584763085
XGBoost,0.8381171702281188,0.5419233441352844,0.2961938260928344
XGBoost,-0.6076511695408106,-0.5953853130340576,-0.012265856506752937
XGBoost,-0.5330308681333819,-0.6095595359802246,0.07652866784684276
XGBoost,-0.2671960443694174,-0.3102324306964874,0.04303638632707002
XGBoost,0.9174012404735116,1.010648250579834,-0.09324701010632241
XGBoost,0.6865446829942795,0.868507444858551,-0.18196276186427152
XGBoost,0.0662634275450291,0.08687761425971985,-0.020614186714690744
XGBoost,-0.0153525271193459,-0.04317701235413551,0.027824485234789614
XGBoost,-0.3184975015870246,-0.2853473722934723,-0.03315012929355232
XGBoost,-1.398159987575757,-1.2818763256072998,-0.1162836619684573
XGBoost,-1.1253295105548464,-1.0450814962387085,-0.08024801431613793
XGBoost,-0.7195816216519534,-0.6273178458213806,-0.09226377583057277
XGBoost,-1.244255615922936,-1.2190901041030884,-0.02516551181984772
XGBoost,-0.1436061701633638,-0.16643387079238892,0.022827700629025116
XGBoost,1.4327476970685655,1.5231395959854126,-0.09039189891684707
XGBoost,0.9990171951378868,0.8944445848464966,0.1045726102913902
XGBoost,0.4929982762187615,0.6649497747421265,-0.17195149852336494
XGBoost,0.4486924722581007,0.4265079200267792,0.02218455223132154
XGBoost,-0.7055903151380606,-0.7910991907119751,0.08550887557391451
XGBoost,1.3487998579852083,1.4542689323425293,-0.105469074357321
XGBoost,1.8314999327145125,1.761143684387207,0.07035624832730547
XGBoost,1.2228780993601729,1.0114049911499023,0.21147310821027054
XGBoost,0.8917505118647081,0.9481420516967773,-0.05639153983206924
XGBoost,1.9061202341219408,1.8002243041992188,0.10589592992272201
XGBoost,-1.164971545677543,-1.1699143648147583,0.004942819137215393
XGBoost,-0.614646822797757,-0.6238295435905457,0.009182720792788701
XGBoost,0.2085083771029399,0.2327626794576645,-0.02425430235472459
XGBoost,-0.6426294358255427,-0.7204368114471436,0.0778073756216009
XGBoost,0.6935403362512259,0.35986435413360596,0.33367598211761995
XGBoost,-0.1995713962189353,-0.2618584930896759,0.062287096870740605
XGBoost,-0.260200391112471,-0.3694627583026886,0.10926236719021759
XGBoost,0.8334534013901546,0.33443912863731384,0.4990142727528407
XGBoost,-0.5540178279042212,-0.6935954093933105,0.1395775814890894
XGBoost,0.2691373719964757,0.09672830998897552,0.17240906200750017
XGBoost,-1.3351991082632395,-1.4424850940704346,0.10728598580719506
XGBoost,-1.1066744352029894,-1.1142468452453613,0.007572410042371969
XGBoost,-0.2158945871518103,-0.43061068654060364,0.21471609938879332
XGBoost,1.101620109573101,1.3874810934066772,-0.28586098383357617
XGBoost,0.6912084518322438,0.7494532465934753,-0.058244794761231566
XGBoost,0.1175648847626363,0.43928977847099304,-0.3217248937083568
XGBoost,1.3814462398509584,1.2855435609817505,0.09590267886920789
XGBoost,-1.2325961938280252,-1.2284438610076904,-0.004152332820334781
XGBoost,1.0759693809642976,1.016240119934082,0.059729261030215586
XGBoost,-1.004071520767775,-1.0564930438995361,0.05242152313176107
XGBoost,-0.0386713713091673,-0.017065567895770073,-0.021605803413397226
XGBoost,-1.3538541836150966,-1.3081464767456055,-0.045707706869491105
XGBoost,-0.2951786573972032,-0.34433212876319885,0.04915347136599563
XGBoost,0.6422388790336188,0.7248643636703491,-0.08262548463673036
XGBoost,-1.2815657666266502,-1.1349127292633057,-0.14665303736334456
XGBoost,-0.8548309179529178,-0.7888147830963135,-0.06601613485660429
XGBoost,-0.1529337078392924,0.2258438915014267,-0.3787775993407191
XGBoost,0.5023258138946901,0.5963246822357178,-0.09399886834102766
XGBoost,-1.4004918719947397,-1.2789275646209717,-0.121564307373768
XGBoost,-0.3837902653185246,-0.380997896194458,-0.002792369124066607
XGBoost,-0.4560786823069711,-0.46403852105140686,0.007959838744435788
XGBoost,0.7215229492790116,0.64544677734375,0.07607617193526162
XGBoost,0.4323692813252257,0.28348928689956665,0.14887999442565902
XGBoost,-1.342194761520186,-1.1540675163269043,-0.1881272451932816
XGBoost,-0.6776077021102749,-0.6063569188117981,-0.07125078329847678
XGBoost,-0.2322177780846853,-0.03816746920347214,-0.19405030888121316
XGBoost,0.2294953368737792,0.3011424243450165,-0.07164708747123727
XGBoost,-0.777878732126507,-0.6575226187705994,-0.12035611335590768
XGBoost,-0.1599293610962388,-0.11950889974832535,-0.04042046134791344
XGBoost,1.068973727707351,1.0428911447525024,0.026082582954848554
XGBoost,0.0079663170704755,0.16361448168754578,-0.1556481646170703
XGBoost,-1.2815657666266502,-1.1540637016296387,-0.12750206499701155
XGBoost,0.0266213924223326,0.09434954822063446,-0.06772815579830185
XGBoost,-1.1766309677724536,-1.1001955270767212,-0.07643544069573238
XGBoost,1.76387528456403,1.7454737424850464,0.01840154207898359
XGBoost,-0.7079221995570427,-0.605624258518219,-0.10229794103882373
XGBoost,0.6538983011285294,0.648596465587616,0.005301835540913458
XGBoost,0.5862736529780472,0.564193606376648,0.022080046601399284
XGBoost,0.4463605878391186,0.6112156510353088,-0.16485506319619025
XGBoost,-1.069364284499275,-0.9562736749649048,-0.11309060953437022
XGBoost,-0.2555366222745067,-0.16437779366970062,-0.09115882860480606
XGBoost,1.2392012902930476,1.1892709732055664,0.04993031708748119
XGBoost,1.1622491044666368,1.062939167022705,0.09930993744393168
XGBoost,2.085675334383566,1.8097422122955322,0.27593312208803367
XGBoost,-0.3954496874134354,-0.4429979622364044,0.04754827482296903
XGBoost,-0.6706120488533284,-0.6927406191825867,0.0221285703292583
XGBoost,1.407096968459762,1.985674262046814,-0.5785772935870519
XGBoost,0.6515664167095473,1.0542882680892944,-0.40272185137974714
XGBoost,-0.9667613700640608,-1.0061534643173218,0.039392094253260956
XGBoost,0.1665344575612613,0.24791789054870605,-0.08138343298744474
XGBoost,-0.7405685814227927,-0.7749547362327576,0.034386154809964875
XGBoost,-0.5889960941889534,-0.5362448692321777,-0.052751224956775644
XGBoost,-0.082977175269828,-0.04982246086001396,-0.03315471440981403
XGBoost,-0.4444192602120604,-0.19071747362613678,-0.2537017865859236
XGBoost,-1.0786918221752035,-1.0157407522201538,-0.06295106995504973
XGBoost,-1.099678781946043,-1.06662118434906,-0.0330575975969829
XGBoost,-1.4960991331730074,-1.448241949081421,-0.04785718409158646
XGBoost,-1.3818367966428824,-1.3544327020645142,-0.027404094578368232
XGBoost,-0.0410032557281494,0.5128544569015503,-0.5538577126296997
XGBoost,0.4253736280682793,0.6045792102813721,-0.1792055822130928
XGBoost,-0.1412742857443817,-0.2091132402420044,0.0678389544976227
XGBoost,-1.0483773247284358,-0.96413254737854,-0.08424477734989577
XGBoost,-0.8245164205061499,-0.8722118735313416,0.047695453025191625
XGBoost,-0.4654062199828997,-0.4661715626716614,0.000765342688761661
XGBoost,-1.265242575693775,-1.1902389526367188,-0.07500362305705632
XGBoost,0.0429445833552076,0.0679207369685173,-0.024976153613309703
XGBoost,-1.470448404564204,-1.3675358295440674,-0.10291257502013651
XGBoost,-0.2322177780846853,-0.2841956913471222,0.05197791326243689
XGBoost,0.5606229243692437,0.3293859362602234,0.23123698810902027
XGBoost,-1.0460454403094537,-0.953220546245575,-0.09282489406387873
XGBoost,-0.6193105916357212,-0.6068069934844971,-0.012503598151224149
XGBoost,-1.2419237315039535,0.09740175306797028,-1.3393254845719238
XGBoost,-1.3701773745479715,-1.3075252771377563,-0.06265209741021516
XGBoost,-0.8338439581820785,-0.7456760406494141,-0.0881679175326644
XGBoost,-0.2368815469226496,-0.2591695189476013,0.022287972024951724
XGBoost,-1.2349280782470071,-1.198713779449463,-0.03621429879754423
XGBoost,0.6189200348437973,0.643764317035675,-0.02484428219187773
XGBoost,-0.3651351899666675,-0.36996856331825256,0.0048333733515850685
XGBoost,-0.470069988820864,-0.48471784591674805,0.014647857095884065
XGBoost,-0.7592236567746499,-0.7676658630371094,0.008442206262459506
XGBoost,-1.4331382538604895,-1.3366003036499023,-0.0965379502105872
XGBoost,-0.2462090845985781,-0.2377517968416214,-0.0084572877569567
XGBoost,-0.9784207921589714,-0.9382123947143555,-0.040208397444615906
XGBoost,-1.3048846108164716,-1.1731833219528198,-0.13170128886365173
XGBoost,-0.2042351650568996,-0.248295858502388,0.04406069344548841
XGBoost,-1.0157309428626855,-0.5856648683547974,-0.43006607450788814
XGBoost,0.7868157130105117,0.707340657711029,0.07947505529948262
XGBoost,1.2252099837791548,1.2019606828689575,0.02324930091019728
XGBoost,-0.2462090845985781,-0.17122264206409454,-0.07498644253448356
XGBoost,0.8684316676748867,0.6771116256713867,0.19132004200349995
XGBoost,-1.3328672238442574,-1.2637357711791992,-0.06913145266505816
XGBoost,0.1268924224385648,0.15381944179534912,-0.02692701935678432
XGBoost,-1.2069454652192215,-1.0573289394378662,-0.14961652578135531
XGBoost,-0.4793975264967925,-0.509652316570282,0.030254790073489468
XGBoost,-0.6402975514065605,-0.6494777798652649,0.009180228458704365
XGBoost,0.0685953119640112,0.13641004264354706,-0.06781473067953586
XGBoost,0.6865446829942795,0.5285177230834961,0.15802695991078342
XGBoost,-0.3045061950731317,-0.1504892110824585,-0.1540169839906732
XGBoost,-0.5400265213903284,-0.6668938994407654,0.12686737805043702
XGBoost,-1.0064034051867572,-1.007401943206787,0.0009985380200299154
XGBoost,1.5819882998834227,1.5997564792633057,-0.017768179379882953
XGBoost,0.7075316427651187,0.6435002088546753,0.06403143391044341
XGBoost,2.309536238605852,2.093472719192505,0.21606351941334712
XGBoost,1.094624456316155,1.02937650680542,0.06524794951073498
XGBoost,-0.4957207174296676,-0.3248281180858612,-0.1708925993438064
XGBoost,-0.6239743604736855,-0.35148224234580994,-0.27249211812787555
XGBoost,1.7918578975918158,1.8539550304412842,-0.062097132849468384
XGBoost,-0.1109597882976138,-0.20810772478580475,0.09714793648819095
XGBoost,2.4727681479346018,2.2400293350219727,0.2327388129126291
XGBoost,1.309157822862512,1.0760165452957153,0.2331412775667967
XGBoost,-0.8828135309807035,-0.7844427824020386,-0.0983707485786649
XGBoost,1.2555244812259223,1.2430669069290161,0.012457574296906193
XGBoost,-1.0157309428626855,-0.9453333616256714,-0.07039758123701412
XGBoost,0.5559591555312794,0.3670615553855896,0.1888976001456898
XGBoost,0.2504822966446185,0.3229694366455078,-0.0724871400008893
XGBoost,-0.8851454153996857,-0.8813894391059875,-0.003755976293698171
XGBoost,-0.4024453406703818,-0.44573551416397095,0.04329017349358916
XGBoost,-1.02039471170065,-0.995974600315094,-0.024420111385555998
XGBoost,-0.3184975015870246,-0.4043421149253845,0.08584461333835991
XGBoost,0.3740721708506722,0.1751553863286972,0.19891678452197498
XGBoost,-0.6682801644343462,-0.6038936972618103,-0.06438646717253593
XGBoost,-1.3212078017493467,-1.369369387626648,0.04816158587730124
XGBoost,-1.4378020226984538,-1.4727181196212769,0.03491609692282305
XGBoost,-1.3328672238442574,-1.279991865158081,-0.05287535868617632
XGBoost,-0.1739206676101317,-0.2057165652513504,0.03179589764121871
XGBoost,-0.3697989588046318,-0.5004295706748962,0.13063061187026442
XGBoost,0.3577489799177971,0.29208943247795105,0.06565954743984603
XGBoost,-1.4564570980503109,-1.3759793043136597,-0.0804777937366512
XGBoost,-0.2881830041402567,-0.36336323618888855,0.07518023204863183
XGBoost,-0.7079221995570427,-0.660831093788147,-0.04709110576889575
XGBoost,0.210840261521922,0.3284982144832611,-0.1176579529613391
XGBoost,-1.1206657417168822,-1.0686143636703491,-0.05205137804653304
XGBoost,-0.1832482052860602,-0.06420823186635971,-0.11903997341970049
XGBoost,0.6585620699664937,0.6840596795082092,-0.025497609541715538
XGBoost,0.2924562161862971,0.4397601783275604,-0.14730396214126334
XGBoost,-1.342194761520186,-1.3326972723007202,-0.009497489219465693
XGBoost,-0.9737570233210072,-1.0040779113769531,0.030320888055945905
XGBoost,-0.4817294109157747,-0.41079166531562805,-0.07093774560014665
XGBoost,-1.5170860929438468,-1.4114824533462524,-0.10560363959759433
XGBoost,-0.388454034156489,-0.36150220036506653,-0.026951833791422464
XGBoost,-0.728909159327882,-0.7267836332321167,-0.002125526095765329
XGBoost,-1.2675744601127572,-1.1927199363708496,-0.0748545237419076
XGBoost,-1.491435364335043,-1.3273675441741943,-0.16406782016084875
XGBoost,0.6585620699664937,0.3848314583301544,0.27373061163633927
XGBoost,-0.8478352646959714,-0.8504434823989868,0.0026082177030154474
XGBoost,-0.5400265213903284,-0.618874728679657,0.07884820728932862
XGBoost,-0.9364468726172928,-0.9086576700210571,-0.02778920259623563
XGBoost,0.5862736529780472,0.12936341762542725,0.45691023535262
XGBoost,-0.5866642097699712,-0.6063647866249084,0.019700576854937202
XGBoost,-0.0876409441077923,-0.26973268389701843,0.18209173978922613
XGBoost,0.0382808145172434,0.004137120209634304,0.03414369430760909
XGBoost,-0.2415453157606139,-0.1735650599002838,-0.06798025586033007
XGBoost,-1.2349280782470071,-1.1348469257354736,-0.10008115251153349
XGBoost,0.7401780246308688,0.6853686571121216,0.05480936751874721
XGBoost,-0.1016322506216852,-0.1346002072095871,0.0329679565879019
XGBoost,-0.777878732126507,-0.7223830223083496,-0.055495709818157435
XGBoost,-1.4844397110780967,-1.3025708198547363,-0.18186889122336036
XGBoost,0.6375751101956545,0.3967064917087555,0.240868618486899
XGBoost,-0.7498961190987213,-0.6011039614677429,-0.14879215763097842
XGBoost,0.6095924971678687,0.5690466165542603,0.04054588061360842
XGBoost,1.0596461900314225,1.4142265319824219,-0.3545803419509994
XGBoost,-1.1836266210294002,-1.043144941329956,-0.14048167969944414
XGBoost,-0.4001134562513997,-0.3122199773788452,-0.0878934788725545
XGBoost,-0.5983236318648819,-0.6598555445671082,0.061531912702226244
XGBoost,-0.7662193100315963,-0.5014947056770325,-0.2647246043545638
XGBoost,0.6982041050891902,1.053777813911438,-0.3555737088222478
XGBoost,1.4164245061356906,1.42191481590271,-0.0054903097670193635
XGBoost,0.7425099090498509,0.7075937390327454,0.03491617001710556
XGBoost,-0.5120439083625427,-0.45510023832321167,-0.056943670039330985
XGBoost,-0.8501671491149535,-0.7749611735343933,-0.07520597558056019
XGBoost,0.9756983509480652,1.0632728338241577,-0.08757448287609249
XGBoost,1.9550898069205656,1.645333170890808,0.30975663602975745
XGBoost,-0.8501671491149535,-0.8648874759674072,0.014720326852453725
XGBoost,-1.2675744601127572,-1.1527223587036133,-0.11485210140914393
XGBoost,1.3651230489180834,1.4389853477478027,-0.07386229882971929
XGBoost,1.295166516348619,1.1508034467697144,0.14436306957890466
XGBoost,0.1968489550080292,0.1955748349428177,0.0012741200652115203
XGBoost,-0.7312410437468642,-0.7370209097862244,0.005779866039360204
XGBoost,-0.292846772978221,-0.32259514927864075,0.029748376300419765
XGBoost,-0.243877200179596,-0.2909049093723297,0.04702770919273372
XGBoost,-1.1906222742863466,-1.052342176437378,-0.13828009784896866
XGBoost,-0.5237033304574533,-0.5838727951049805,0.06016946464752715
XGBoost,-1.4051556408327035,-1.3138622045516968,-0.09129343628100672
XGBoost,0.1805257640751542,0.056055668741464615,0.12447009533368958
XGBoost,-1.4681165201452218,-1.554469108581543,0.08635258843632121
XGBoost,-0.6426294358255427,-0.6257458329200745,-0.016883602905468198
XGBoost,-1.178962852191436,-1.0775487422943115,-0.1014141098971244
XGBoost,0.112901115924672,-0.027859225869178772,0.14076034179385077
XGBoost,-0.9201236816844178,-0.9510464072227478,0.030922725538329976
XGBoost,-0.2065670494758817,-0.2944703996181488,0.0879033501422671
XGBoost,-0.2485409690175603,-0.2817043364048004,0.03316336738724013
XGBoost,0.5373040801794222,0.4226452708244324,0.11465880935498984
XGBoost,-1.5450687059716324,-1.4702917337417603,-0.07477697222987212
XGBoost,-0.4234323004412211,-0.19787992537021637,-0.22555237507100473
XGBoost,-1.3865005654808469,-1.39860200881958,0.012101443338733198
XGBoost,-0.5936598630269176,-0.5437334775924683,-0.04992638543444938
XGBoost,-0.0806452908508459,-0.18886612355709076,0.10822083270624486
XGBoost,-0.9597657168071144,-0.9431706666946411,-0.01659505011247331
XGBoost,-1.491435364335043,-1.4165769815444946,-0.07485838279054846
XGBoost,-0.7032584307190785,-0.6407707929611206,-0.06248763775795785
XGBoost,0.4300373969062436,0.4380587041378021,-0.008021307231558528
XGBoost,0.2901243317673149,0.2252439558506012,0.0648803759167137
XGBoost,-0.679939586529257,-0.7018991708755493,0.021959584346292305
XGBoost,-1.230264309409043,-1.328153371810913,0.09788906240187001
XGBoost,-0.4234323004412211,-0.4353145658969879,0.011882265455766816
XGBoost,-1.2838976510456324,-1.1376012563705444,-0.14629639467508793
XGBoost,-0.0946365973647388,-0.02873353473842144,-0.06590306262631736
XGBoost,-0.5703410188370962,-0.547139585018158,-0.023201433818938244
XGBoost,0.5093214671516365,0.3912324011325836,0.11808906601905289
XGBoost,-1.0157309428626855,-0.85223388671875,-0.1634970561439355
XGBoost,-0.8221845360871678,-0.7593978047370911,-0.06278673135007673
XGBoost,0.5676185776261902,0.41932418942451477,0.1482943882016754
XGBoost,-1.489103479916061,-1.3474644422531128,-0.14163903766294816
XGBoost,0.8987461651216546,0.8239043951034546,0.07484177001820003
XGBoost,-1.1882903898673645,-1.1072713136672974,-0.0810190762000671
XGBoost,0.7261867181169759,0.7549508213996887,-0.02876410328271284
XGBoost,-1.4774440578211503,-1.3027921915054321,-0.17465186631571816
XGBoost,-0.6752758176912927,-0.6621227860450745,-0.013153031646218283
XGBoost,-0.1319467480684531,-0.100704625248909,-0.03124212281954411
XGBoost,-0.3814583808995425,-0.36674076318740845,-0.014717617712134035
XGBoost,-0.3837902653185246,-0.5485622882843018,0.16477202296577714
XGBoost,-0.1972395117999531,-0.13324092328548431,-0.0639985885144688
XGBoost,-0.728909159327882,-0.5721521973609924,-0.1567569619668896
XGBoost,0.2784649096724042,0.06547567248344421,0.21298923718896
XGBoost,-1.633680313892954,-1.27413010597229,-0.35955020792066406
XGBoost,0.2877924473483328,0.10544681549072266,0.18234563185761016
XGBoost,-0.9131280284274714,-0.7514537572860718,-0.16167427114139965
XGBoost,0.2598098343205471,0.07092330604791641,0.1888865282726307
XGBoost,-0.5633453655801498,-0.5651189684867859,0.0017736029066360848
XGBoost,0.8264577481332082,0.2380683720111847,0.5883893761220235
XGBoost,0.6072606127488865,0.5168967843055725,0.09036382844331403
XGBoost,-0.9481062947122036,-0.989935040473938,0.04182874576173434
XGBoost,0.5233127736655294,0.5853188633918762,-0.0620060897263468
XGBoost,-0.2228902404087567,-0.19737635552883148,-0.02551388487992523
XGBoost,0.5582910399502615,0.6702957153320312,-0.11200467538176972
XGBoost,1.0969563407351368,0.5641410946846008,0.532815246050536
XGBoost,-1.3212078017493467,-1.2709903717041016,-0.05021743004524515
XGBoost,0.5093214671516365,0.11442437022924423,0.3948970969223923
XGBoost,-0.777878732126507,-0.7730075716972351,-0.004871160429271937
XGBoost,-0.8944729530756143,-0.9380250573158264,0.043552104240212164
XGBoost,-1.1859585054483823,-1.273375391960144,0.08741688651176172
XGBoost,0.0196257391653862,-0.007919151335954666,0.027544890501340867
XGBoost,-1.3678454901289896,-1.5623198747634888,0.19447438463449918
XGBoost,-0.1086279038786316,-0.03589602932333946,-0.07273187455529213
XGBoost,-1.036717902633525,-1.0347212553024292,-0.0019966473310957245
XGBoost,-0.1972395117999531,-0.31349995732307434,0.11626044552312123
XGBoost,-0.6099830539597927,-0.8266173005104065,0.2166342465506138
XGBoost,-0.5610134811611677,-0.5550847053527832,-0.005928775808384468
XGBoost,-0.5796685565130247,-0.6370218992233276,0.0573533427103029
XGBoost,-1.0553729779853822,-0.9961527585983276,-0.05922021938705457
XGBoost,-0.6776077021102749,-0.7902014255523682,0.11259372344209329
XGBoost,0.4440287034201364,1.2319645881652832,-0.7879358847451468
XGBoost,0.3857315929455829,0.6730777621269226,-0.2873461691813397
XGBoost,-0.1272829792304888,0.05887824296951294,-0.18616122220000175
XGBoost,-1.2512512691798825,-1.2397503852844238,-0.011500883895458669
XGBoost,-0.292846772978221,-0.10751941800117493,-0.18532735497704605
XGBoost,-1.0553729779853822,-0.794064462184906,-0.2613085158004762
XGBoost,0.905741818378601,1.372799038887024,-0.4670572205084229
XGBoost,-0.5237033304574533,-0.5156913995742798,-0.008011930883173535
XGBoost,0.1805257640751542,0.3386787474155426,-0.1581529833403884
XGBoost,0.6515664167095473,0.749230146408081,-0.09766372969853376
XGBoost,-1.2022816963812573,-1.2040868997573853,0.001805203376127995
XGBoost,-0.9131280284274714,-0.9149819612503052,0.0018539328228337482
XGBoost,-0.9760889077399892,-0.9519978165626526,-0.024091091177336654
XGBoost,-0.3674670743856497,-0.3075433373451233,-0.05992373704052639
XGBoost,-1.3865005654808469,-1.3590621948242188,-0.02743837065662813
XGBoost,-0.0853090596888102,0.007407580502331257,-0.09271664019114145
XGBoost,-1.050709209147418,-0.9790489077568054,-0.07166030139061252
XGBoost,0.8124664416193152,0.634384274482727,0.1780821671365882
XGBoost,-0.5306989837143997,-0.4163986146450043,-0.11430036906939545
XGBoost,-1.0856874754321502,-1.0329924821853638,-0.05269499324678639
XGBoost,0.2504822966446185,0.2780708968639374,-0.02758860021931886
XGBoost,-0.325493154843971,-0.29683735966682434,-0.02865579517714667
XGBoost,-0.7149178528139891,-0.6505970358848572,-0.06432081692913194
XGBoost,-0.0083568738623994,-0.02734832651913166,0.01899145265673226
XGBoost,-1.4564570980503109,-1.4134416580200195,-0.04301544003029134
XGBoost,-1.0926831286890966,-1.0263065099716187,-0.06637661871747791
XGBoost,0.4137142059733686,0.713042140007019,-0.29932793403365043
XGBoost,-0.2975105418161853,-0.22543662786483765,-0.07207391395134766
XGBoost,-0.6472932046635069,-0.5309633612632751,-0.11632984340023178
XGBoost,-1.377173027804918,-1.3697670698165894,-0.007405957988328549
XGBoost,0.7238548336979937,0.8523644208908081,-0.12850958719281436
XGBoost,-0.7522280035177035,-0.7057504057884216,-0.04647759772928184
XGBoost,-0.0083568738623994,0.17982585728168488,-0.18818273114408426
XGBoost,0.0266213924223326,0.09439513832330704,-0.06777374590097443
XGBoost,1.2625201344828691,1.1705857515335083,0.09193438294936085
XGBoost,0.6632258388044581,0.6785788536071777,-0.015353014802719667
XGBoost,-0.5750047876750605,-0.6789243221282959,0.10391953445323543
XGBoost,1.344136089147244,1.3232481479644775,0.02088794118276649
XGBoost,-1.2092773496382037,-1.1855984926223755,-0.02367885701582817
XGBoost,-0.194907627380971,-0.049181170761585236,-0.14572645661938577
XGBoost,-0.6566207423394356,-0.5019472241401672,-0.15467351819926833
XGBoost,0.3833997085266007,0.3692381680011749,0.014161540525425786
XGBoost,0.8474447079040474,0.7863755822181702,0.06106912568587719
XGBoost,-0.0526626778230602,0.06255334615707397,-0.11521602398013417
XGBoost,1.4630621945153337,1.6826573610305786,-0.2195951665152449
XGBoost,-0.7032584307190785,-0.6779590845108032,-0.02529934620827523
XGBoost,-0.4001134562513997,-0.4426116645336151,0.0424982082822154
XGBoost,-0.840839611439025,-0.6844170689582825,-0.1564225424807425
XGBoost,1.8991245808649944,1.7895374298095703,0.10958715105542405
XGBoost,-1.2256005405710788,-1.0708634853363037,-0.1547370552347751
XGBoost,0.9337244314063868,0.9853351712226868,-0.05161073981629993
XGBoost,0.8917505118647081,0.9619247913360596,-0.07017427947135146
XGBoost,-1.3188759173303646,-1.2076420783996582,-0.11123383893070637
XGBoost,-0.6286381293116499,-0.5625748038291931,-0.06606332548245675
XGBoost,-0.2555366222745067,-0.016113104298710823,-0.23942351797579586
XGBoost,-0.3045061950731317,-0.1419898122549057,-0.162516382818226
XGBoost,-0.7638874256126141,-0.6362079977989197,-0.12767942781369446
XGBoost,-1.001739636348793,-0.9672687649726868,-0.03447087137610616
XGBoost,-0.810525113992257,-0.5720033645629883,-0.23852174942926874
XGBoost,-1.2092773496382037,-1.069636583328247,-0.1396407663099566
XGBoost,-1.5637237813234897,-1.5093891620635986,-0.054334619259891026
XGBoost,-0.6239743604736855,-0.5192126035690308,-0.10476175690465472
XGBoost,-1.230264309409043,-1.2116130590438843,-0.0186512503651588
XGBoost,-0.0106887582813816,0.062471866607666016,-0.07316062488904762
XGBoost,-0.88980918423765,-0.8918845653533936,0.0020753811157435686
XGBoost,-0.502716370686614,-0.5125964879989624,0.009880117312348391
XGBoost,-1.0623686312423286,-1.043005347251892,-0.01936328399043652
XGBoost,-1.4984310175919895,-1.3673869371414185,-0.13104408045057103
XGBoost,-0.0759815220128816,0.03639610484242439,-0.11237762685530599
XGBoost,-0.5353627525523641,-0.511500358581543,-0.023862393970821127
XGBoost,-0.7452323502607571,-0.6855372786521912,-0.05969507160856591
XGBoost,-1.4308063694415074,-1.3154855966567993,-0.11532077278470809
XGBoost,-0.325493154843971,-0.32769787311553955,0.00220471827156854
XGBoost,-0.1319467480684531,-0.09264177829027176,-0.03930496977818135
XGBoost,-0.0876409441077923,0.0899086594581604,-0.1775496035659527
XGBoost,-1.4284744850225253,-1.4551435708999634,0.026669085877438103
XGBoost,-0.924787450522382,-0.8970252871513367,-0.027762163371045312
XGBoost,-0.728909159327882,-0.6707776188850403,-0.058131540442841745
XGBoost,-0.9434425258742392,-0.8308279514312744,-0.11261457444296474
XGBoost,-1.0763599377562214,-0.9222598075866699,-0.15410013016955149
XGBoost,-0.8688222244668107,-0.8070068955421448,-0.0618153289246659
XGBoost,0.33909390456594,0.3294892907142639,0.009604613851676103
XGBoost,-0.0456670245661137,0.09987567365169525,-0.14554269821780896
XGBoost,-0.7452323502607571,-0.6085366010665894,-0.13669574919416771
XGBoost,-1.3538541836150966,-1.2942426204681396,-0.059611563146956925
XGBoost,-0.7708830788695606,-0.5443601012229919,-0.2265229776465687
XGBoost,-1.4471295603743823,-1.3839936256408691,-0.0631359347335132
XGBoost,-0.3837902653185246,-0.17402471601963043,-0.20976554929889418
XGBoost,0.4673475476099579,0.577811598777771,-0.1104640511678131
XGBoost,-0.7335729281658463,-0.7316654324531555,-0.0019074957126907766
XGBoost,-0.4094409939273282,-0.2993471622467041,-0.11009383168062409
XGBoost,-0.3068380794921139,-0.16909156739711761,-0.13774651209499628
XGBoost,-1.1766309677724536,-1.1313968896865845,-0.0452340780858691
XGBoost,0.3600808643367792,0.47053903341293335,-0.11045816907615413
XGBoost,-1.4354701382794717,-1.4003251791000366,-0.035144959179435054
XGBoost,-0.8804816465617213,-0.7573937177658081,-0.12308792879591324
XGBoost,-0.3021743106541496,-0.16829757392406464,-0.133876736730085
XGBoost,-0.5073801395245783,-0.326316773891449,-0.1810633656331293
XGBoost,-0.6962627774621319,-0.5797280669212341,-0.11653471054089781
XGBoost,0.3344301357279757,0.40250855684280396,-0.06807842111482826
XGBoost,-0.7149178528139891,-0.7723561525344849,0.057438299720495745
XGBoost,0.4137142059733686,0.3276916444301605,0.08602256154320809
XGBoost,1.488712923124137,1.493005394935608,-0.004292471811470966
XGBoost,-1.2395918470849716,-1.2335361242294312,-0.006055722855540457
XGBoost,0.5932693062349937,0.5291039347648621,0.06416537147013168
XGBoost,1.2741795565777798,1.1710655689239502,0.10311398765382962
XGBoost,-1.230264309409043,-1.2732454538345337,0.042981144425490614
XGBoost,1.2718476721587977,1.3976316452026367,-0.12578397304383904
XGBoost,-0.2158945871518103,-0.22618702054023743,0.010292433388427114
XGBoost,-1.1066744352029894,-1.0506751537322998,-0.055999281470689555
XGBoost,0.9453838535012976,0.814845621585846,0.13053823191545166
XGBoost,1.9037883497029584,1.6823360919952393,0.22145225770771915
XGBoost,-0.9877483298349,-0.890815019607544,-0.09693331022735607
XGBoost,0.5396359645984043,0.5546526312828064,-0.015016666684402047
XGBoost,-0.3418163457768461,-0.45600008964538574,0.11418374386853963
XGBoost,-1.5637237813234897,-1.5413570404052734,-0.02236674091821622
XGBoost,-0.2741916976263639,-0.43531692028045654,0.16112522265409263
XGBoost,-0.9994077519298108,-1.020211935043335,0.020804183113524166
XGBoost,-0.5400265213903284,-0.6439281105995178,0.10390158920918946
XGBoost,-0.4724018732398461,-0.48675331473350525,0.014351441493659134
XGBoost,-0.3767946120615782,-0.2370208352804184,-0.13977377678115982
XGBoost,-1.1859585054483823,-1.1783230304718018,-0.00763547497658057
XGBoost,-1.4214788317655789,-1.4122921228408813,-0.009186708924697529
XGBoost,-0.7009265463000963,-0.7310584783554077,0.030131932055311395
XGBoost,-0.8035294607353106,-0.7593947649002075,-0.0441346958351031
XGBoost,-0.0783134064318638,-0.17158426344394684,0.09327085701208304
XGBoost,-0.519039561619489,-0.5107284188270569,-0.008311142792432169
XGBoost,-0.0596583310800066,-0.20178444683551788,0.1421261157555113
XGBoost,-1.0880193598511323,-0.9948042631149292,-0.0932150967362031
XGBoost,-1.3958281031567752,-1.3322380781173706,-0.06359002503940459
XGBoost,-0.7895381542214177,-0.67530357837677,-0.11423457584464769
XGBoost,-1.1416527014877216,-0.9824855923652649,-0.15916710912245668
XGBoost,-1.5264136306197753,-1.4343231916427612,-0.09209043897701408
XGBoost,-0.145938054582346,-0.21365314722061157,0.06771509263826558
XGBoost,-0.5470221746472748,-0.6077408194541931,0.060718644806918354
XGBoost,-0.7312410437468642,-0.7317222952842712,0.00048125153740707916
XGBoost,-0.9620976012260964,-0.9110535979270935,-0.05104400329900294
XGBoost,-1.3468585303581502,-1.370948076248169,0.02408954589001877
XGBoost,-1.4774440578211503,-1.4717077016830444,-0.005736356138105858
XGBoost,-1.0926831286890966,-0.990260124206543,-0.10242300448255359
XGBoost,0.1991808394270113,0.08698917180299759,0.11219166762401372
XGBoost,-0.679939586529257,-0.6533440947532654,-0.02659549177599163
XGBoost,-0.2718598132073818,-0.3143511414527893,0.04249132824540752
XGBoost,-1.470448404564204,-1.325796127319336,-0.14465227724486796
XGBoost,-1.5264136306197753,-1.4094111919403076,-0.11700243867946769
XGBoost,0.1525431510473684,0.1257229894399643,0.026820161607404108
XGBoost,-0.95510194796915,-0.8636064529418945,-0.09149549502725551
XGBoost,-1.2092773496382037,-0.9928295016288757,-0.21644784800932793
XGBoost,-0.7592236567746499,-0.685843288898468,-0.07338036787618185
XGBoost,0.0639315431260469,0.04169781878590584,0.022233724340141064
XGBoost,-0.6659482800153641,-0.5866272449493408,-0.07932103506602328
XGBoost,0.1898533017510827,0.36291539669036865,-0.17306209493928595
XGBoost,-0.9527700635501678,-0.8377260565757751,-0.11504400697439265
XGBoost,0.0942460405728148,0.2026384323835373,-0.1083923918107225
XGBoost,-0.8501671491149535,-0.6930387616157532,-0.15712838749920033
XGBoost,-0.551685943485239,-0.4930112957954407,-0.058674647689798354
XGBoost,-1.2559150380178463,-1.1972779035568237,-0.05863713446102259
XGBoost,-0.3021743106541496,-0.16311657428741455,-0.13905773636673507
XGBoost,-1.393496218737793,-1.3274399042129517,-0.0660563145248414
XGBoost,-0.4957207174296676,-0.45167261362075806,-0.044048103808909556
XGBoost,-1.3655136057100077,-1.2371948957443237,-0.12831870996568395
XGBoost,0.5256446580845116,0.3524755835533142,0.17316907453119734
XGBoost,-0.7732149632885428,-0.2648054361343384,-0.5084095271542044
XGBoost,0.8614360144179403,0.9796167612075806,-0.1181807467896403
XGBoost,-0.7848743853834534,-0.8327674269676208,0.047893041584167406
XGBoost,1.129602722600887,1.035170555114746,0.0944321674861408
XGBoost,0.3041156382812078,0.33515357971191406,-0.031037941430706262
XGBoost,-0.2322177780846853,-0.15978068113327026,-0.07243709695141504
XGBoost,0.3134431759571364,0.3439665138721466,-0.030523337915010218
XGBoost,-0.9457744102932214,-0.6936470866203308,-0.2521273236728906
XGBoost,-1.2232686561520965,-1.160636305809021,-0.06263235034307546
XGBoost,-0.9084642595895072,-0.6561957001686096,-0.25226855942089754
XGBoost,0.9896896574619582,1.367586374282837,-0.37789671682087866
XGBoost,-0.5330308681333819,-0.38396406173706055,-0.1490668063963213
XGBoost,-0.1132916727165959,-0.02699136734008789,-0.08630030537650801
XGBoost,0.856772245579976,0.9871271848678589,-0.1303549392878829
XGBoost,1.9061202341219408,1.8534657955169678,0.052654438604972986
XGBoost,0.7798200597535653,0.7612104415893555,0.018609618164209807
XGBoost,-1.1626396612585608,-0.8771066665649414,-0.28553299469361937
XGBoost,-1.167303430096525,-0.9195093512535095,-0.24779407884301552
XGBoost,-1.360849836872043,-1.2091575860977173,-0.1516922507743257
XGBoost,-0.6659482800153641,-0.5484387874603271,-0.11750949255503695
XGBoost,-0.3767946120615782,-0.2503373324871063,-0.1264572795744719
XGBoost,-0.630970013730632,-0.492972195148468,-0.13799781858216398
XGBoost,-0.761555541193632,-0.5559255480766296,-0.20562999311700236
XGBoost,-0.2741916976263639,-0.2954791188240051,0.02128742119764121
XGBoost,-1.538073052714686,-1.3711148500442505,-0.16695820267043548
XGBoost,-0.3184975015870246,-0.31435754895210266,-0.004139952634921951
XGBoost,-0.8011975763163285,-0.7878370881080627,-0.013360488208265742
XGBoost,-1.1393208170687394,-1.143178105354309,0.0038572882855696378
XGBoost,-1.1882903898673645,-1.129212498664856,-0.0590778912025085
XGBoost,-0.0479989089850959,-0.12410745024681091,0.07610854126171501
XGBoost,-1.4937672487540252,-1.475090742111206,-0.01867650664281917
XGBoost,-0.5167076772005069,-0.6324577927589417,0.11575011555843473
XGBoost,-0.4747337576588283,-0.5318583250045776,0.05712456734574933
XGBoost,-1.4004918719947397,-1.4027366638183594,0.002244791823619696
XGBoost,-1.521749861781811,-1.4448343515396118,-0.07691551024219923
XGBoost,-0.6123149383787748,-0.6003968715667725,-0.01191806681200236
XGBoost,-1.0250584805386145,-0.9985593557357788,-0.026499124802835672
XGBoost,-1.0273903649575964,-1.0377098321914673,0.010319467233870894
XGBoost,-0.1226192103925245,-0.055097125470638275,-0.06752208492188623
XGBoost,-1.3818367966428824,-1.3758970499038696,-0.005939746739012763
XGBoost,-0.4280960692791854,-0.3771788477897644,-0.050917221489421016
XGBoost,-0.6193105916357212,-0.5154857635498047,-0.10382482808591653
XGBoost,-0.1669250143531852,0.011581768281757832,-0.17850678263494305
XGBoost,-0.0246800647952744,0.03027786687016487,-0.054957931665439275
XGBoost,-1.4284744850225253,-1.2324120998382568,-0.19606238518426844
XGBoost,-0.453746797887989,-0.4619220495223999,0.008175251634410907
XGBoost,-1.540404937133668,-1.3226031064987183,-0.21780183063494984
XGBoost,-0.7102540839760249,-0.6030551195144653,-0.10719896446155952
XGBoost,-0.9457744102932214,-0.6748732328414917,-0.2709011774517297
XGBoost,-0.6356337825685963,-0.5467971563339233,-0.08883662623467292
XGBoost,0.2341591057117435,0.1390279084444046,0.0951311972673389
XGBoost,-1.1463164703256858,-0.863391637802124,-0.2829248325235618
XGBoost,-1.4541252136313287,-1.3941456079483032,-0.059979605683025516
XGBoost,-0.1809163208670781,-0.12942995131015778,-0.05148636955692032
XGBoost,-0.5446902902282926,-0.4559808373451233,-0.08870945288316934
XGBoost,0.2481504122256363,0.3575233221054077,-0.10937290987977141
XGBoost,-1.1906222742863466,-1.2272065877914429,0.03658431350509628
XGBoost,0.1968489550080292,0.3525027930736542,-0.15565383806562497
XGBoost,-0.8361758426010606,-0.7085722088813782,-0.12760363371968242
XGBoost,-0.6752758176912927,-0.578820526599884,-0.09645529109140871
XGBoost,-1.036717902633525,-0.6951946020126343,-0.34152330062089065
XGBoost,-0.6776077021102749,-0.6042270660400391,-0.07338063607023582
XGBoost,1.211218677265262,1.149813175201416,0.061405502063845985
XGBoost,-0.1179554415545602,-0.13291601836681366,0.014960576812253462
XGBoost,0.6655577232234402,0.511547863483429,0.15400985974001125
XGBoost,0.9640389288531546,0.8794941306114197,0.08454479824173489
XGBoost,0.2504822966446185,0.111627496778965,0.13885479986565352
XGBoost,-1.1463164703256858,-1.181556224822998,0.0352397544973122
XGBoost,-0.8268483049251321,-0.5975019931793213,-0.22934631174581077
XGBoost,-0.8245164205061499,-0.6990362405776978,-0.12548017992845217
XGBoost,1.8105129729436729,1.6759259700775146,0.1345870028661582
XGBoost,-0.0246800647952744,0.14684323966503143,-0.17152330446030584
XGBoost,-0.4071091095083461,-0.5011937618255615,0.09408465231721541
XGBoost,-0.7475642346797392,-0.7869904041290283,0.03942616944928912
XGBoost,0.985025888623994,1.101913332939148,-0.11688744431515397
XGBoost,0.388063477364565,0.13804583251476288,0.2500176448498021
XGBoost,0.7028678739271544,0.7033718824386597,-0.0005040085115052273
XGBoost,-1.1952860431243109,-1.1490825414657593,-0.04620350165855158
XGBoost,-0.95510194796915,-0.9088197946548462,-0.04628215331430385
XGBoost,-0.1366105169064174,-0.18338647484779358,0.04677595794137618
XGBoost,-1.3538541836150966,-0.26953747868537903,-1.0843167049297175
XGBoost,-0.7312410437468642,-0.8582265973091125,0.1269855535622484
XGBoost,-0.1902438585430067,-0.2669157087802887,0.07667185023728199
XGBoost,-0.8151888828302214,-0.7432294487953186,-0.07195943403490279
XGBoost,-1.5124223241058825,-1.5107851028442383,-0.0016372212616442283
XGBoost,-1.2722382289507217,-1.2340073585510254,-0.038230870399696304
XGBoost,-1.2838976510456324,-1.1969918012619019,-0.0869058497837305
XGBoost,-1.4051556408327035,-1.4802167415618896,0.07506110072918615
XGBoost,-1.0157309428626855,-0.9113587737083435,-0.104372169154342
XGBoost,-1.3585179524530608,-0.8893386721611023,-0.46917928029195854
XGBoost,-0.1482699390013281,-0.11236508190631866,-0.03590485709500943
XGBoost,-1.398159987575757,-1.4182679653167725,0.02010797774101536
XGBoost,-1.2069454652192215,-1.186540961265564,-0.02040450395365756
XGBoost,-1.5567281280665433,-1.4967129230499268,-0.0600152050166165
XGBoost,-0.3068380794921139,-0.23973877727985382,-0.06709930221226007
XGBoost,-0.7149178528139891,-0.6616033315658569,-0.053314521248132185
XGBoost,-1.2908933043025788,-1.2430198192596436,-0.047873485042935204
XGBoost,-1.5170860929438468,-1.3939051628112793,-0.12318093013256748
XGBoost,-1.5147542085248646,-1.41672682762146,-0.09802738090340468
XGBoost,-1.258246922436829,-1.1797559261322021,-0.07849099630462675
XGBoost,-0.7498961190987213,-0.6991146802902222,-0.05078143880849917
XGBoost,-0.227554009246721,-0.3051581382751465,0.07760412902842548
XGBoost,-0.2858511197212746,-0.3446964621543884,0.058845342433113845
XGBoost,-0.7895381542214177,-0.9588799476623535,0.1693417934409358
XGBoost,-0.9597657168071144,-0.9289631247520447,-0.030802592055069744
XGBoost,-1.1859585054483823,-1.1430773735046387,-0.042881131943743656
XGBoost,-1.472780288983186,-1.3071138858795166,-0.16566640310366942
XGBoost,-0.5750047876750605,-0.5663257241249084,-0.008679063550152022
XGBoost,0.1875214173321006,0.21784217655658722,-0.030320759224486626
XGBoost,-1.0880193598511323,-1.07118558883667,-0.016833771014462373
XGBoost,-1.4657846357262396,-1.3567991256713867,-0.10898551005485291
XGBoost,-0.5400265213903284,-0.5126957893371582,-0.02733073205317016
XGBoost,-1.1090063196219715,-0.7189263105392456,-0.3900800090827259
XGBoost,-0.8618265712098643,-0.8263949751853943,-0.03543159602446999
XGBoost,0.0452764677741898,-0.02303536795079708,0.06831183572498689
